Age,Department,JobRole,MonthlyIncome,YearsAtCompany,OverTime,JobSatisfaction,Attrition_Probability,Risk_Level
26,Research & Development,Laboratory Technician,2340,1,Yes,4,0.94,HIGH
29,Research & Development,Research Scientist,2439,1,Yes,4,0.93,HIGH
29,Sales,Sales Representative,1091,1,No,1,0.9,HIGH
31,Sales,Sales Representative,1359,1,No,3,0.9,HIGH
21,Research & Development,Laboratory Technician,1416,1,No,1,0.9,HIGH
19,Sales,Sales Representative,1675,0,Yes,3,0.895,HIGH
28,Research & Development,Laboratory Technician,2408,1,Yes,2,0.885,HIGH
30,Sales,Sales Representative,1081,1,No,4,0.88,HIGH
18,Research & Development,Laboratory Technician,1420,0,No,3,0.88,HIGH
32,Research & Development,Laboratory Technician,2795,1,Yes,4,0.875,HIGH
20,Research & Development,Laboratory Technician,2926,1,Yes,4,0.875,HIGH
27,Human Resources,Human Resources,2863,1,No,2,0.875,HIGH
22,Research & Development,Research Scientist,2472,1,Yes,2,0.875,HIGH
26,Research & Development,Laboratory Technician,2293,1,No,3,0.87,HIGH
19,Research & Development,Research Scientist,1859,1,Yes,2,0.87,HIGH
18,Sales,Sales Representative,1569,0,Yes,4,0.87,HIGH
18,Sales,Sales Representative,1878,0,Yes,2,0.87,HIGH
19,Human Resources,Human Resources,2564,1,No,4,0.87,HIGH
33,Sales,Sales Representative,2851,1,Yes,3,0.86,HIGH
30,Research & Development,Research Scientist,2285,1,Yes,4,0.855,HIGH
25,Sales,Sales Representative,2413,1,Yes,2,0.855,HIGH
19,Sales,Sales Representative,2325,0,No,1,0.85,HIGH
20,Research & Development,Laboratory Technician,2973,1,No,1,0.84,HIGH
18,Research & Development,Laboratory Technician,1904,0,No,3,0.835,HIGH
24,Research & Development,Laboratory Technician,3172,0,Yes,1,0.835,HIGH
21,Sales,Sales Representative,2679,1,No,2,0.83,HIGH
20,Research & Development,Research Scientist,2600,1,Yes,1,0.83,HIGH
33,Research & Development,Research Scientist,2313,2,Yes,2,0.825,HIGH
29,Research & Development,Laboratory Technician,2319,1,Yes,1,0.825,HIGH
23,Sales,Sales Representative,1790,1,No,1,0.82,HIGH
30,Sales,Sales Representative,2033,1,No,1,0.815,HIGH
20,Sales,Sales Representative,2323,2,Yes,4,0.815,HIGH
23,Research & Development,Laboratory Technician,1601,0,Yes,1,0.81,HIGH
31,Sales,Sales Representative,2785,1,No,4,0.805,HIGH
19,Research & Development,Laboratory Technician,1102,1,No,4,0.805,HIGH
28,Sales,Sales Executive,9854,2,Yes,3,0.805,HIGH
29,Sales,Sales Executive,5765,5,No,2,0.8,HIGH
21,Sales,Sales Representative,2716,1,No,2,0.8,HIGH
24,Research & Development,Laboratory Technician,2210,1,No,2,0.795,HIGH
28,Research & Development,Laboratory Technician,2028,4,Yes,3,0.795,HIGH
32,Research & Development,Laboratory Technician,1393,1,No,2,0.795,HIGH
22,Research & Development,Laboratory Technician,2398,1,Yes,1,0.795,HIGH
29,Sales,Sales Representative,2760,2,No,2,0.795,HIGH
40,Research & Development,Laboratory Technician,2166,4,Yes,1,0.79,HIGH
20,Research & Development,Research Scientist,1009,1,Yes,3,0.79,HIGH
26,Research & Development,Laboratory Technician,2377,1,No,3,0.785,HIGH
31,Research & Development,Research Scientist,1261,1,No,2,0.785,HIGH
39,Research & Development,Laboratory Technician,3646,1,Yes,1,0.78,HIGH
24,Human Resources,Human Resources,1555,1,No,3,0.775,HIGH
32,Sales,Sales Executive,9907,2,Yes,2,0.775,HIGH
33,Sales,Sales Executive,5324,3,No,1,0.775,HIGH
29,Human Resources,Human Resources,2335,2,Yes,1,0.77,HIGH
21,Research & Development,Laboratory Technician,2625,2,No,3,0.77,HIGH
39,Research & Development,Laboratory Technician,2404,2,Yes,1,0.77,HIGH
28,Research & Development,Laboratory Technician,3485,0,No,3,0.77,HIGH
33,Sales,Sales Executive,8564,0,Yes,1,0.77,HIGH
30,Sales,Sales Executive,6696,6,No,1,0.765,HIGH
53,Sales,Sales Executive,10448,2,Yes,1,0.765,HIGH
25,Sales,Sales Representative,1118,1,Yes,4,0.765,HIGH
28,Research & Development,Laboratory Technician,2561,0,No,1,0.765,HIGH
55,Sales,Sales Executive,13695,19,Yes,3,0.765,HIGH
37,Human Resources,Human Resources,2073,3,Yes,1,0.765,HIGH
32,Research & Development,Laboratory Technician,4200,5,No,1,0.765,HIGH
31,Human Resources,Human Resources,2956,1,No,1,0.76,HIGH
28,Research & Development,Laboratory Technician,3441,2,Yes,3,0.76,HIGH
26,Research & Development,Laboratory Technician,2373,3,Yes,2,0.76,HIGH
40,Sales,Sales Executive,13194,1,Yes,2,0.76,HIGH
31,Research & Development,Healthcare Representative,9824,1,No,3,0.76,HIGH
43,Sales,Sales Executive,5346,4,No,3,0.76,HIGH
50,Sales,Sales Executive,10854,3,Yes,1,0.755,HIGH
27,Research & Development,Research Scientist,2394,8,Yes,3,0.755,HIGH
30,Research & Development,Research Scientist,2132,5,Yes,3,0.755,HIGH
24,Sales,Sales Representative,3202,5,Yes,2,0.75,HIGH
35,Research & Development,Manufacturing Director,5916,1,Yes,3,0.75,HIGH
47,Sales,Sales Executive,12936,23,No,3,0.75,HIGH
28,Research & Development,Laboratory Technician,2515,1,Yes,4,0.75,HIGH
32,Research & Development,Research Scientist,3919,10,Yes,1,0.75,HIGH
26,Sales,Sales Executive,5326,4,No,1,0.75,HIGH
32,Research & Development,Research Scientist,2432,4,Yes,3,0.745,HIGH
34,Research & Development,Research Scientist,2307,5,Yes,1,0.745,HIGH
35,Sales,Sales Executive,9582,8,Yes,1,0.74,HIGH
28,Research & Development,Research Scientist,2216,7,Yes,2,0.74,HIGH
47,Sales,Sales Executive,6397,5,Yes,3,0.74,HIGH
24,Research & Development,Laboratory Technician,2886,6,Yes,3,0.74,HIGH
19,Sales,Sales Representative,2121,1,Yes,2,0.74,HIGH
31,Sales,Sales Representative,2302,3,Yes,2,0.74,HIGH
29,Research & Development,Research Scientist,2362,9,No,1,0.74,HIGH
29,Research & Development,Laboratory Technician,2119,7,Yes,1,0.735,HIGH
22,Research & Development,Laboratory Technician,3894,2,No,3,0.735,HIGH
44,Research & Development,Research Scientist,2936,6,Yes,3,0.735,HIGH
52,Sales,Sales Executive,8446,8,Yes,2,0.735,HIGH
58,Research & Development,Laboratory Technician,2380,1,Yes,4,0.735,HIGH
24,Research & Development,Research Scientist,2293,2,Yes,4,0.73,HIGH
39,Sales,Sales Representative,2086,1,No,4,0.73,HIGH
26,Sales,Sales Executive,4969,2,No,1,0.73,HIGH
35,Research & Development,Research Scientist,2022,10,Yes,2,0.73,HIGH
32,Sales,Sales Executive,4707,4,No,3,0.73,HIGH
25,Sales,Sales Executive,5744,6,Yes,3,0.73,HIGH
37,Research & Development,Manufacturing Director,10048,1,No,3,0.73,HIGH
34,Human Resources,Human Resources,2742,2,No,3,0.725,HIGH
23,Sales,Sales Representative,2275,3,Yes,4,0.725,HIGH
31,Research & Development,Manufacturing Director,7446,10,No,2,0.725,HIGH
32,Sales,Sales Executive,10400,14,No,4,0.725,HIGH
35,Research & Development,Laboratory Technician,2074,1,Yes,1,0.725,HIGH
31,Sales,Sales Executive,8161,1,No,3,0.725,HIGH
56,Research & Development,Laboratory Technician,2587,4,No,4,0.725,HIGH
49,Sales,Sales Executive,7654,9,No,4,0.725,HIGH
41,Research & Development,Laboratory Technician,2778,7,Yes,4,0.72,HIGH
28,Research & Development,Laboratory Technician,2367,4,No,4,0.72,HIGH
32,Sales,Sales Executive,6735,0,No,2,0.72,HIGH
35,Research & Development,Laboratory Technician,3743,4,Yes,2,0.72,HIGH
33,Research & Development,Laboratory Technician,2436,5,Yes,4,0.715,HIGH
35,Sales,Sales Executive,4614,4,Yes,3,0.715,HIGH
31,Sales,Sales Executive,6172,7,Yes,3,0.715,HIGH
23,Research & Development,Laboratory Technician,3989,5,Yes,3,0.715,HIGH
44,Research & Development,Laboratory Technician,3161,1,Yes,3,0.715,HIGH
29,Research & Development,Laboratory Technician,3339,7,Yes,3,0.715,HIGH
40,Research & Development,Laboratory Technician,2018,5,No,1,0.715,HIGH
26,Human Resources,Human Resources,2741,7,Yes,3,0.715,HIGH
31,Sales,Sales Executive,5617,10,Yes,4,0.71,HIGH
30,Human Resources,Human Resources,2180,4,No,4,0.71,HIGH
20,Sales,Sales Representative,2044,2,No,3,0.71,HIGH
41,Sales,Sales Executive,9355,8,No,2,0.71,HIGH
25,Research & Development,Laboratory Technician,3691,7,Yes,4,0.71,HIGH
29,Research & Development,Research Scientist,2546,2,No,2,0.705,HIGH
35,Sales,Sales Executive,5813,10,Yes,4,0.705,HIGH
26,Research & Development,Research Scientist,2366,8,Yes,3,0.705,HIGH
22,Research & Development,Manufacturing Director,4171,3,Yes,3,0.705,HIGH
31,Sales,Sales Executive,4233,3,No,1,0.7,HIGH
28,Research & Development,Research Scientist,3464,3,Yes,4,0.7,HIGH
33,Research & Development,Laboratory Technician,2707,9,No,1,0.7,HIGH
46,Sales,Sales Executive,10096,7,No,4,0.7,HIGH
38,Research & Development,Healthcare Representative,6673,1,Yes,1,0.7,HIGH
35,Sales,Sales Executive,5440,2,Yes,4,0.7,HIGH
39,Sales,Sales Executive,5238,1,Yes,3,0.695,HIGH
30,Research & Development,Research Scientist,2657,5,Yes,1,0.695,HIGH
34,Sales,Sales Representative,2351,2,No,3,0.695,HIGH
31,Research & Development,Laboratory Technician,3722,2,Yes,4,0.695,HIGH
31,Research & Development,Research Scientist,4084,7,No,3,0.695,HIGH
42,Sales,Sales Executive,13758,21,Yes,1,0.695,HIGH
37,Sales,Sales Executive,10609,14,No,3,0.695,HIGH
28,Sales,Sales Representative,2909,3,No,3,0.69,HIGH
31,Research & Development,Laboratory Technician,2610,2,No,3,0.69,HIGH
47,Research & Development,Manager,11849,10,Yes,2,0.69,HIGH
28,Research & Development,Laboratory Technician,2596,1,No,2,0.69,HIGH
25,Research & Development,Laboratory Technician,4031,2,No,1,0.69,HIGH
34,Sales,Sales Executive,5304,5,Yes,4,0.69,HIGH
46,Research & Development,Healthcare Representative,8926,9,No,2,0.69,HIGH
58,Research & Development,Research Director,19246,31,Yes,2,0.685,HIGH
35,Sales,Sales Executive,10306,13,No,1,0.685,HIGH
48,Research & Development,Laboratory Technician,5381,1,Yes,3,0.685,HIGH
56,Research & Development,Laboratory Technician,2339,10,No,3,0.685,HIGH
43,Research & Development,Research Scientist,2437,1,Yes,3,0.685,HIGH
44,Research & Development,Research Scientist,2342,5,Yes,2,0.68,HIGH
52,Sales,Manager,19845,32,No,4,0.68,HIGH
34,Sales,Sales Executive,4599,15,Yes,2,0.68,HIGH
36,Sales,Sales Executive,10325,16,Yes,4,0.68,HIGH
36,Research & Development,Laboratory Technician,4834,1,No,3,0.68,HIGH
33,Research & Development,Research Scientist,4508,13,No,3,0.68,HIGH
46,Sales,Sales Executive,9619,9,No,4,0.675,HIGH
28,Research & Development,Research Scientist,4382,2,No,3,0.675,HIGH
29,Research & Development,Healthcare Representative,7553,8,Yes,4,0.675,HIGH
31,Research & Development,Laboratory Technician,3479,5,No,2,0.675,HIGH
36,Sales,Sales Representative,3407,5,No,1,0.67,HIGH
24,Sales,Sales Representative,2033,1,No,2,0.67,HIGH
29,Sales,Sales Executive,7336,11,No,1,0.67,HIGH
39,Research & Development,Healthcare Representative,12169,18,No,4,0.67,HIGH
34,Human Resources,Human Resources,9950,3,Yes,1,0.67,HIGH
49,Research & Development,Laboratory Technician,4284,4,No,1,0.665,HIGH
50,Sales,Sales Executive,6796,4,Yes,3,0.665,HIGH
55,Sales,Sales Executive,5160,9,No,4,0.665,HIGH
45,Sales,Sales Executive,4286,1,No,1,0.665,HIGH
27,Sales,Sales Representative,3041,4,No,1,0.66,HIGH
34,Research & Development,Laboratory Technician,5346,7,No,1,0.66,HIGH
37,Research & Development,Manufacturing Director,4213,10,No,1,0.66,HIGH
18,Sales,Sales Representative,1200,0,No,3,0.66,HIGH
36,Research & Development,Laboratory Technician,2743,17,No,1,0.66,HIGH
38,Research & Development,Manufacturing Director,4855,5,No,2,0.655,HIGH
46,Sales,Sales Executive,7314,8,No,2,0.655,HIGH
39,Research & Development,Research Scientist,3904,5,No,1,0.655,HIGH
34,Research & Development,Laboratory Technician,6074,9,Yes,3,0.655,HIGH
32,Research & Development,Laboratory Technician,4883,10,No,3,0.655,HIGH
41,Sales,Sales Executive,5993,6,Yes,4,0.65,HIGH
50,Sales,Sales Executive,6728,6,No,3,0.645,HIGH
55,Research & Development,Manager,19859,5,Yes,1,0.645,HIGH
52,Research & Development,Research Scientist,4941,8,No,2,0.645,HIGH
40,Sales,Sales Executive,6380,6,Yes,3,0.645,HIGH
29,Research & Development,Research Scientist,2404,0,Yes,1,0.64,HIGH
33,Research & Development,Manager,13610,7,Yes,3,0.64,HIGH
58,Research & Development,Manufacturing Director,10008,10,Yes,1,0.64,HIGH
29,Sales,Sales Executive,7639,10,No,4,0.635,HIGH
44,Research & Development,Healthcare Representative,7978,10,No,4,0.635,HIGH
33,Research & Development,Laboratory Technician,3408,4,No,4,0.635,HIGH
45,Sales,Manager,18824,24,Yes,2,0.635,HIGH
30,Sales,Sales Executive,9714,10,No,1,0.63,HIGH
22,Research & Development,Laboratory Technician,2871,0,No,4,0.58,MEDIUM
31,Research & Development,Laboratory Technician,1129,1,Yes,4,0.51,MEDIUM
21,Sales,Sales Representative,2174,3,Yes,2,0.505,MEDIUM
22,Research & Development,Laboratory Technician,2935,1,Yes,4,0.495,MEDIUM
28,Sales,Sales Representative,1052,1,No,2,0.48,MEDIUM
24,Research & Development,Laboratory Technician,2127,1,No,2,0.465,MEDIUM
26,Research & Development,Research Scientist,2042,3,Yes,1,0.445,MEDIUM
27,Research & Development,Laboratory Technician,2341,1,No,1,0.445,MEDIUM
40,Sales,Sales Executive,9094,5,Yes,2,0.43,MEDIUM
27,Research & Development,Research Scientist,2318,1,No,3,0.42,MEDIUM
33,Research & Development,Research Scientist,3348,10,Yes,1,0.4,MEDIUM
18,Research & Development,Research Scientist,1514,0,No,3,0.395,MEDIUM
26,Research & Development,Research Scientist,2061,1,No,4,0.39,MEDIUM
34,Research & Development,Laboratory Technician,2008,1,No,2,0.38,MEDIUM
29,Research & Development,Research Scientist,2109,1,No,1,0.37,MEDIUM
31,Research & Development,Research Scientist,2321,3,Yes,1,0.365,MEDIUM
27,Research & Development,Research Scientist,2478,4,Yes,2,0.355,MEDIUM
28,Research & Development,Laboratory Technician,3867,2,Yes,4,0.355,MEDIUM
26,Research & Development,Research Scientist,2933,1,Yes,3,0.355,MEDIUM
41,Sales,Sales Representative,3140,4,Yes,2,0.355,MEDIUM
21,Research & Development,Research Scientist,2693,1,No,4,0.35,MEDIUM
37,Research & Development,Laboratory Technician,2090,0,Yes,3,0.345,MEDIUM
33,Human Resources,Human Resources,2277,4,Yes,2,0.34,MEDIUM
38,Sales,Sales Representative,2858,1,No,1,0.34,MEDIUM
22,Research & Development,Research Scientist,2853,0,Yes,4,0.33,MEDIUM
37,Research & Development,Healthcare Representative,4777,1,No,2,0.33,MEDIUM
31,Sales,Sales Representative,2789,2,No,2,0.325,MEDIUM
31,Sales,Sales Executive,4559,2,Yes,3,0.32,MEDIUM
33,Sales,Sales Executive,8224,5,Yes,1,0.32,MEDIUM
48,Research & Development,Laboratory Technician,2559,1,No,2,0.3,LOW
26,Sales,Sales Executive,5828,8,Yes,4,0.3,LOW
33,Research & Development,Research Scientist,2909,8,Yes,3,0.295,LOW
32,Sales,Sales Representative,2827,1,No,1,0.295,LOW
29,Research & Development,Research Scientist,2389,4,Yes,4,0.28,LOW
25,Research & Development,Research Scientist,2096,2,No,2,0.28,LOW
24,Research & Development,Research Scientist,3760,6,Yes,4,0.28,LOW
40,Sales,Sales Executive,9705,1,No,2,0.28,LOW
29,Sales,Sales Representative,2800,3,Yes,3,0.28,LOW
35,Sales,Sales Executive,4581,11,Yes,4,0.265,LOW
30,Research & Development,Manufacturing Director,6877,0,Yes,4,0.26,LOW
38,Research & Development,Research Scientist,3057,1,Yes,3,0.26,LOW
18,Research & Development,Laboratory Technician,1611,0,No,4,0.255,LOW
19,Research & Development,Laboratory Technician,1483,1,No,2,0.255,LOW
50,Research & Development,Laboratory Technician,2380,1,No,4,0.255,LOW
24,Sales,Sales Executive,4577,2,No,3,0.255,LOW
29,Sales,Sales Representative,2157,3,No,4,0.25,LOW
41,Research & Development,Research Scientist,2127,4,Yes,3,0.245,LOW
24,Research & Development,Laboratory Technician,3597,4,No,2,0.245,LOW
21,Sales,Sales Representative,3447,3,No,3,0.245,LOW
38,Sales,Sales Executive,6861,1,Yes,4,0.24,LOW
41,Research & Development,Research Scientist,2107,1,No,1,0.24,LOW
26,Human Resources,Human Resources,2148,5,Yes,2,0.235,LOW
36,Research & Development,Research Scientist,3388,1,Yes,3,0.23,LOW
29,Research & Development,Healthcare Representative,6294,3,Yes,3,0.23,LOW
31,Human Resources,Human Resources,6410,2,No,1,0.215,LOW
24,Research & Development,Research Scientist,2725,6,Yes,4,0.215,LOW
31,Sales,Sales Executive,5332,5,No,1,0.215,LOW
29,Research & Development,Research Scientist,4787,2,Yes,4,0.21,LOW
47,Sales,Sales Representative,3294,3,Yes,4,0.21,LOW
31,Sales,Sales Executive,9852,10,Yes,3,0.21,LOW
51,Sales,Sales Executive,10596,4,No,2,0.21,LOW
38,Research & Development,Laboratory Technician,2288,2,No,4,0.21,LOW
31,Human Resources,Human Resources,2109,3,No,2,0.21,LOW
24,Research & Development,Laboratory Technician,2694,1,No,2,0.205,LOW
25,Sales,Sales Representative,4400,3,No,1,0.205,LOW
42,Research & Development,Research Scientist,2759,2,Yes,3,0.2,LOW
33,Sales,Sales Executive,5147,11,No,2,0.2,LOW
34,Sales,Sales Representative,2220,1,Yes,3,0.2,LOW
31,Research & Development,Research Scientist,3929,4,Yes,4,0.2,LOW
19,Research & Development,Research Scientist,2994,1,Yes,4,0.2,LOW
30,Research & Development,Laboratory Technician,2422,3,No,2,0.195,LOW
52,Sales,Sales Representative,3482,9,No,4,0.195,LOW
19,Research & Development,Research Scientist,2552,1,No,1,0.19,LOW
25,Sales,Sales Executive,4487,5,Yes,4,0.185,LOW
32,Research & Development,Laboratory Technician,3730,3,Yes,3,0.185,LOW
58,Research & Development,Research Scientist,2479,1,No,3,0.185,LOW
27,Research & Development,Research Scientist,2566,1,Yes,3,0.18,LOW
50,Sales,Sales Representative,2683,3,Yes,3,0.18,LOW
42,Research & Development,Laboratory Technician,4272,1,No,4,0.18,LOW
36,Research & Development,Manufacturing Director,4663,3,Yes,3,0.18,LOW
30,Research & Development,Research Scientist,2083,1,No,3,0.18,LOW
33,Research & Development,Research Scientist,2686,10,Yes,4,0.18,LOW
32,Research & Development,Research Scientist,3433,5,No,3,0.18,LOW
26,Research & Development,Research Scientist,3102,6,No,1,0.18,LOW
29,Sales,Sales Representative,2642,1,No,3,0.18,LOW
27,Research & Development,Research Scientist,2279,7,No,2,0.175,LOW
22,Research & Development,Research Scientist,2323,2,No,4,0.175,LOW
47,Sales,Sales Representative,2976,0,No,3,0.175,LOW
40,Research & Development,Manufacturing Director,6516,1,Yes,1,0.175,LOW
43,Research & Development,Research Scientist,2438,3,No,3,0.175,LOW
36,Sales,Sales Executive,5507,4,No,2,0.175,LOW
35,Research & Development,Research Scientist,4249,9,Yes,3,0.17,LOW
51,Research & Development,Research Scientist,2461,10,Yes,3,0.17,LOW
21,Research & Development,Research Scientist,2070,2,Yes,2,0.17,LOW
59,Research & Development,Research Scientist,2177,1,No,4,0.17,LOW
50,Sales,Sales Executive,4728,0,Yes,3,0.17,LOW
30,Sales,Sales Representative,2476,1,No,2,0.17,LOW
31,Research & Development,Research Scientist,2501,1,No,2,0.17,LOW
32,Research & Development,Research Scientist,3298,6,Yes,2,0.17,LOW
28,Research & Development,Research Scientist,2377,2,No,3,0.165,LOW
32,Sales,Sales Executive,9610,4,No,3,0.165,LOW
49,Research & Development,Laboratory Technician,2587,2,Yes,1,0.165,LOW
35,Research & Development,Research Scientist,4930,5,Yes,4,0.165,LOW
35,Research & Development,Laboratory Technician,2426,5,No,2,0.165,LOW
32,Sales,Sales Executive,4465,3,No,4,0.165,LOW
31,Sales,Sales Representative,2791,2,No,4,0.165,LOW
34,Sales,Sales Executive,4759,13,No,1,0.165,LOW
45,Research & Development,Research Scientist,2274,1,No,3,0.165,LOW
23,Research & Development,Research Scientist,1223,1,No,3,0.16,LOW
20,Research & Development,Research Scientist,2836,1,No,2,0.16,LOW
51,Research & Development,Laboratory Technician,2838,7,No,3,0.16,LOW
21,Research & Development,Research Scientist,3230,3,No,3,0.16,LOW
36,Sales,Sales Executive,5406,15,No,4,0.155,LOW
23,Research & Development,Laboratory Technician,3295,3,No,2,0.155,LOW
23,Sales,Sales Representative,2322,0,No,1,0.155,LOW
33,Research & Development,Research Scientist,2799,3,Yes,1,0.155,LOW
43,Sales,Sales Executive,7847,10,Yes,4,0.155,LOW
34,Sales,Sales Executive,9713,5,Yes,4,0.155,LOW
36,Research & Development,Laboratory Technician,2810,5,No,2,0.155,LOW
37,Sales,Sales Executive,6694,1,Yes,4,0.155,LOW
28,Research & Development,Research Scientist,3201,5,No,2,0.155,LOW
22,Research & Development,Research Scientist,2328,4,Yes,2,0.155,LOW
32,Research & Development,Research Scientist,3038,5,No,3,0.155,LOW
31,Sales,Sales Executive,5468,12,No,4,0.15,LOW
44,Research & Development,Laboratory Technician,3708,5,No,3,0.15,LOW
26,Research & Development,Laboratory Technician,2544,7,No,4,0.15,LOW
34,Sales,Sales Executive,9888,14,No,4,0.15,LOW
41,Research & Development,Research Scientist,3072,1,No,1,0.15,LOW
38,Research & Development,Laboratory Technician,1702,1,Yes,4,0.15,LOW
56,Research & Development,Research Scientist,4963,5,Yes,2,0.15,LOW
18,Research & Development,Research Scientist,1051,0,No,4,0.15,LOW
29,Human Resources,Human Resources,2804,1,No,2,0.15,LOW
24,Research & Development,Laboratory Technician,2296,1,No,1,0.145,LOW
32,Research & Development,Laboratory Technician,2743,2,No,2,0.145,LOW
35,Research & Development,Laboratory Technician,4425,6,No,2,0.145,LOW
30,Research & Development,Manufacturing Director,9667,7,No,3,0.145,LOW
34,Research & Development,Research Scientist,2972,1,No,4,0.145,LOW
36,Sales,Sales Executive,6134,2,Yes,1,0.145,LOW
35,Human Resources,Human Resources,8837,9,Yes,4,0.145,LOW
30,Human Resources,Human Resources,2064,5,No,3,0.145,LOW
30,Research & Development,Laboratory Technician,2693,1,No,3,0.145,LOW
27,Sales,Sales Representative,2534,1,No,4,0.14,LOW
38,Sales,Sales Executive,7351,1,No,2,0.14,LOW
21,Sales,Sales Representative,2380,2,Yes,1,0.14,LOW
35,Research & Development,Healthcare Representative,6540,1,No,2,0.14,LOW
40,Research & Development,Manufacturing Director,7945,4,Yes,4,0.14,LOW
48,Sales,Sales Representative,2655,9,Yes,3,0.14,LOW
49,Sales,Sales Executive,13120,9,No,2,0.14,LOW
31,Research & Development,Research Director,13675,2,No,3,0.135,LOW
30,Research & Development,Research Scientist,1274,1,No,3,0.135,LOW
21,Research & Development,Research Scientist,1232,0,No,4,0.135,LOW
46,Research & Development,Healthcare Representative,10527,2,No,3,0.135,LOW
56,Sales,Sales Executive,5380,0,No,1,0.135,LOW
29,Research & Development,Research Scientist,2168,5,Yes,4,0.135,LOW
35,Sales,Sales Representative,2404,1,No,3,0.135,LOW
33,Research & Development,Laboratory Technician,2028,14,No,2,0.135,LOW
22,Research & Development,Research Scientist,2814,4,Yes,3,0.135,LOW
37,Research & Development,Research Scientist,4680,1,No,4,0.135,LOW
34,Research & Development,Laboratory Technician,4404,4,No,3,0.135,LOW
36,Sales,Sales Representative,4502,13,No,4,0.13,LOW
35,Sales,Sales Representative,2430,5,No,3,0.13,LOW
41,Research & Development,Laboratory Technician,4721,18,Yes,1,0.13,LOW
43,Research & Development,Laboratory Technician,5257,9,No,3,0.13,LOW
26,Research & Development,Laboratory Technician,2659,3,Yes,4,0.13,LOW
35,Research & Development,Laboratory Technician,3681,3,No,4,0.13,LOW
27,Research & Development,Laboratory Technician,2379,5,Yes,4,0.13,LOW
40,Research & Development,Laboratory Technician,5094,1,No,3,0.13,LOW
44,Research & Development,Laboratory Technician,2362,3,No,1,0.13,LOW
25,Research & Development,Laboratory Technician,3669,3,No,4,0.13,LOW
20,Sales,Sales Representative,2678,2,No,4,0.13,LOW
30,Research & Development,Laboratory Technician,3491,10,No,3,0.13,LOW
20,Research & Development,Laboratory Technician,3033,2,No,3,0.13,LOW
33,Research & Development,Healthcare Representative,6388,0,Yes,3,0.13,LOW
26,Sales,Sales Representative,2966,4,No,3,0.13,LOW
33,Research & Development,Laboratory Technician,2008,1,No,3,0.13,LOW
54,Sales,Sales Executive,10686,9,No,3,0.13,LOW
59,Sales,Sales Executive,5473,4,No,3,0.125,LOW
27,Research & Development,Manufacturing Director,6142,6,Yes,2,0.125,LOW
28,Sales,Sales Representative,2856,1,No,2,0.125,LOW
46,Sales,Manager,16606,13,No,2,0.125,LOW
34,Research & Development,Research Scientist,2585,1,No,3,0.125,LOW
28,Research & Development,Laboratory Technician,2154,4,Yes,3,0.125,LOW
56,Research & Development,Research Scientist,2942,5,No,3,0.125,LOW
39,Sales,Sales Executive,5736,3,No,3,0.125,LOW
26,Sales,Sales Executive,4157,2,Yes,4,0.125,LOW
30,Sales,Sales Executive,4736,2,Yes,3,0.125,LOW
25,Sales,Sales Executive,4256,5,No,1,0.12,LOW
32,Sales,Sales Executive,4648,0,No,4,0.12,LOW
41,Research & Development,Healthcare Representative,6811,8,Yes,3,0.12,LOW
42,Research & Development,Laboratory Technician,2766,5,No,2,0.12,LOW
40,Research & Development,Healthcare Representative,4069,2,Yes,4,0.12,LOW
31,Sales,Sales Executive,6582,6,Yes,4,0.12,LOW
45,Sales,Sales Executive,4850,5,No,3,0.12,LOW
30,Research & Development,Laboratory Technician,3072,12,No,1,0.12,LOW
25,Sales,Sales Executive,4907,5,Yes,3,0.12,LOW
29,Sales,Sales Executive,5869,5,No,3,0.12,LOW
52,Research & Development,Manager,19999,33,No,3,0.12,LOW
56,Research & Development,Research Scientist,2066,3,No,1,0.12,LOW
30,Research & Development,Research Scientist,2141,6,No,2,0.12,LOW
41,Sales,Sales Executive,7082,2,Yes,3,0.12,LOW
32,Research & Development,Research Scientist,2956,1,No,1,0.12,LOW
28,Research & Development,Healthcare Representative,8722,10,No,1,0.115,LOW
35,Sales,Sales Representative,2014,2,No,4,0.115,LOW
34,Research & Development,Research Scientist,2029,5,No,3,0.115,LOW
45,Research & Development,Research Scientist,4477,3,Yes,3,0.115,LOW
59,Sales,Sales Executive,5171,6,No,4,0.115,LOW
20,Sales,Sales Representative,2728,2,No,1,0.115,LOW
37,Research & Development,Research Scientist,2326,4,Yes,4,0.115,LOW
36,Sales,Sales Representative,2644,3,Yes,4,0.115,LOW
35,Research & Development,Research Scientist,2506,2,No,3,0.115,LOW
37,Research & Development,Research Scientist,2782,5,Yes,1,0.115,LOW
25,Research & Development,Laboratory Technician,3977,2,Yes,3,0.115,LOW
60,Sales,Sales Executive,5405,2,No,1,0.115,LOW
38,Research & Development,Healthcare Representative,9824,1,No,3,0.115,LOW
41,Sales,Sales Executive,8392,10,No,1,0.115,LOW
34,Research & Development,Research Scientist,2960,4,No,1,0.11,LOW
35,Research & Development,Laboratory Technician,1951,1,No,4,0.11,LOW
35,Research & Development,Laboratory Technician,2269,1,No,4,0.11,LOW
31,Research & Development,Research Scientist,5003,10,No,1,0.11,LOW
30,Research & Development,Laboratory Technician,4011,12,No,4,0.11,LOW
31,Sales,Manager,11557,5,No,4,0.11,LOW
26,Sales,Sales Executive,4306,0,No,3,0.11,LOW
42,Research & Development,Laboratory Technician,3968,0,No,3,0.11,LOW
29,Research & Development,Laboratory Technician,4723,10,Yes,1,0.11,LOW
58,Research & Development,Healthcare Representative,10312,40,No,4,0.11,LOW
34,Research & Development,Research Scientist,4505,1,No,2,0.11,LOW
35,Research & Development,Manufacturing Director,9362,2,No,4,0.11,LOW
28,Research & Development,Research Scientist,2703,3,Yes,3,0.11,LOW
27,Research & Development,Research Scientist,2235,9,Yes,1,0.11,LOW
29,Research & Development,Healthcare Representative,4335,8,No,3,0.11,LOW
26,Research & Development,Laboratory Technician,4364,2,No,4,0.11,LOW
43,Sales,Sales Executive,6804,2,No,4,0.11,LOW
56,Human Resources,Manager,19717,7,No,2,0.11,LOW
38,Sales,Sales Executive,5343,10,No,4,0.11,LOW
33,Research & Development,Healthcare Representative,5488,6,Yes,2,0.11,LOW
27,Research & Development,Healthcare Representative,6811,7,No,1,0.11,LOW
31,Research & Development,Laboratory Technician,4197,10,No,3,0.105,LOW
46,Sales,Sales Executive,7991,2,No,2,0.105,LOW
25,Research & Development,Research Scientist,3424,4,No,1,0.105,LOW
30,Research & Development,Laboratory Technician,3833,2,No,3,0.105,LOW
44,Research & Development,Research Scientist,2290,0,No,3,0.105,LOW
35,Research & Development,Healthcare Representative,5093,1,No,1,0.105,LOW
27,Research & Development,Laboratory Technician,3468,2,No,2,0.105,LOW
31,Research & Development,Manufacturing Director,6179,10,Yes,3,0.105,LOW
55,Research & Development,Manager,19187,19,No,3,0.105,LOW
38,Sales,Sales Executive,5666,5,Yes,4,0.105,LOW
27,Sales,Sales Representative,3540,9,No,3,0.105,LOW
29,Research & Development,Research Scientist,2451,1,No,3,0.1,LOW
51,Research & Development,Research Director,19537,20,No,3,0.1,LOW
51,Sales,Sales Executive,5441,10,Yes,4,0.1,LOW
31,Research & Development,Laboratory Technician,3978,2,No,3,0.1,LOW
33,Research & Development,Laboratory Technician,2496,1,No,4,0.1,LOW
49,Sales,Sales Executive,5390,9,No,2,0.1,LOW
26,Research & Development,Laboratory Technician,4420,8,No,4,0.1,LOW
30,Sales,Sales Executive,4115,4,No,1,0.1,LOW
21,Sales,Sales Representative,2610,3,No,4,0.1,LOW
59,Research & Development,Manufacturing Director,10512,9,No,4,0.1,LOW
35,Research & Development,Laboratory Technician,1281,1,No,3,0.1,LOW
39,Research & Development,Manufacturing Director,5295,5,No,2,0.1,LOW
34,Research & Development,Research Director,17007,14,No,1,0.1,LOW
42,Research & Development,Research Scientist,2372,1,Yes,2,0.1,LOW
44,Research & Development,Healthcare Representative,5933,5,No,2,0.1,LOW
46,Sales,Sales Executive,10453,24,No,1,0.1,LOW
31,Research & Development,Research Scientist,2657,2,Yes,2,0.1,LOW
23,Research & Development,Research Scientist,3505,2,No,3,0.1,LOW
37,Research & Development,Laboratory Technician,3500,6,No,3,0.1,LOW
47,Sales,Sales Executive,4591,5,Yes,3,0.095,LOW
42,Research & Development,Research Director,13191,1,Yes,1,0.095,LOW
39,Research & Development,Laboratory Technician,2232,3,No,3,0.095,LOW
41,Research & Development,Research Director,19545,22,No,3,0.095,LOW
52,Research & Development,Manufacturing Director,7969,5,Yes,3,0.095,LOW
36,Research & Development,Research Scientist,3419,1,Yes,1,0.095,LOW
39,Research & Development,Laboratory Technician,3755,8,No,3,0.095,LOW
40,Sales,Sales Executive,10855,12,No,4,0.095,LOW
28,Sales,Sales Executive,5253,7,No,4,0.095,LOW
35,Research & Development,Laboratory Technician,2705,5,No,3,0.095,LOW
39,Research & Development,Manufacturing Director,8376,2,No,2,0.095,LOW
37,Sales,Sales Executive,9525,6,No,4,0.095,LOW
38,Research & Development,Healthcare Representative,5811,1,Yes,4,0.095,LOW
35,Research & Development,Healthcare Representative,9884,4,Yes,1,0.095,LOW
36,Research & Development,Manufacturing Director,6499,6,No,2,0.095,LOW
27,Sales,Sales Executive,6500,8,No,3,0.095,LOW
42,Research & Development,Laboratory Technician,2093,2,No,3,0.095,LOW
36,Research & Development,Manufacturing Director,8858,14,No,4,0.095,LOW
28,Sales,Sales Executive,4779,8,Yes,2,0.095,LOW
32,Research & Development,Research Scientist,2439,4,No,1,0.095,LOW
37,Research & Development,Laboratory Technician,3629,3,No,3,0.095,LOW
58,Research & Development,Research Director,19701,9,Yes,1,0.095,LOW
36,Sales,Sales Executive,9278,5,Yes,2,0.095,LOW
38,Sales,Sales Executive,10609,16,No,3,0.095,LOW
26,Research & Development,Healthcare Representative,4741,5,Yes,1,0.095,LOW
30,Sales,Sales Representative,2983,3,No,2,0.095,LOW
32,Research & Development,Laboratory Technician,2837,6,No,2,0.095,LOW
20,Sales,Sales Representative,2783,2,No,3,0.09,LOW
25,Sales,Sales Executive,8639,2,No,3,0.09,LOW
36,Sales,Sales Executive,9738,9,No,4,0.09,LOW
42,Research & Development,Research Scientist,2515,2,Yes,4,0.09,LOW
52,Sales,Manager,19068,33,Yes,3,0.09,LOW
29,Research & Development,Research Scientist,2201,3,No,4,0.09,LOW
47,Research & Development,Laboratory Technician,2105,2,No,3,0.09,LOW
44,Research & Development,Research Director,16328,20,No,1,0.09,LOW
35,Research & Development,Healthcare Representative,7632,8,Yes,3,0.09,LOW
54,Research & Development,Research Scientist,2897,4,No,3,0.09,LOW
37,Sales,Sales Executive,9602,3,Yes,3,0.09,LOW
37,Research & Development,Healthcare Representative,5163,1,No,4,0.09,LOW
44,Sales,Sales Executive,13320,12,Yes,4,0.09,LOW
37,Research & Development,Healthcare Representative,4107,4,No,2,0.09,LOW
35,Sales,Sales Executive,10377,13,Yes,4,0.09,LOW
25,Research & Development,Laboratory Technician,3229,3,No,4,0.09,LOW
26,Research & Development,Research Scientist,2875,8,Yes,4,0.09,LOW
44,Research & Development,Research Scientist,2436,4,Yes,4,0.09,LOW
36,Research & Development,Laboratory Technician,3688,1,No,4,0.09,LOW
35,Research & Development,Laboratory Technician,2660,2,Yes,3,0.09,LOW
40,Research & Development,Laboratory Technician,2406,1,No,4,0.09,LOW
35,Research & Development,Laboratory Technician,4014,2,Yes,1,0.085,LOW
36,Research & Development,Laboratory Technician,2013,4,No,2,0.085,LOW
24,Human Resources,Human Resources,2145,2,No,4,0.085,LOW
39,Sales,Sales Executive,8237,7,No,3,0.085,LOW
41,Research & Development,Laboratory Technician,2238,5,No,1,0.085,LOW
58,Research & Development,Research Scientist,3346,1,Yes,2,0.085,LOW
26,Sales,Sales Executive,6272,5,No,2,0.085,LOW
29,Research & Development,Research Scientist,3785,5,No,1,0.085,LOW
60,Sales,Sales Executive,10266,18,No,1,0.085,LOW
43,Human Resources,Human Resources,3539,9,No,4,0.085,LOW
41,Research & Development,Laboratory Technician,2289,5,No,1,0.085,LOW
28,Research & Development,Research Scientist,1563,1,No,3,0.085,LOW
59,Human Resources,Human Resources,2267,2,No,3,0.085,LOW
32,Research & Development,Laboratory Technician,2794,5,No,2,0.085,LOW
40,Sales,Sales Executive,4327,0,No,2,0.085,LOW
36,Sales,Sales Executive,7587,10,No,1,0.085,LOW
35,Research & Development,Healthcare Representative,10388,16,Yes,3,0.085,LOW
40,Research & Development,Research Scientist,3617,1,Yes,2,0.085,LOW
37,Sales,Sales Executive,7642,10,Yes,2,0.085,LOW
44,Research & Development,Research Scientist,2559,8,Yes,1,0.085,LOW
45,Sales,Manager,17650,9,No,4,0.085,LOW
42,Human Resources,Human Resources,2696,3,Yes,3,0.085,LOW
27,Research & Development,Laboratory Technician,4621,3,No,3,0.085,LOW
39,Research & Development,Laboratory Technician,6782,5,No,2,0.085,LOW
42,Research & Development,Research Scientist,4556,5,No,3,0.085,LOW
42,Sales,Sales Executive,6244,5,No,3,0.08,LOW
39,Sales,Sales Executive,12031,20,No,4,0.08,LOW
31,Research & Development,Research Scientist,2695,2,Yes,4,0.08,LOW
40,Research & Development,Laboratory Technician,2387,4,No,2,0.08,LOW
33,Sales,Sales Executive,4373,4,No,1,0.08,LOW
25,Sales,Sales Executive,6180,6,No,4,0.08,LOW
27,Research & Development,Manufacturing Director,4298,2,No,1,0.08,LOW
52,Research & Development,Laboratory Technician,2950,5,No,1,0.08,LOW
42,Research & Development,Manufacturing Director,4434,9,No,2,0.08,LOW
36,Human Resources,Human Resources,2342,5,No,1,0.08,LOW
44,Research & Development,Laboratory Technician,2818,3,Yes,4,0.08,LOW
45,Sales,Sales Executive,10761,5,Yes,1,0.08,LOW
37,Sales,Sales Executive,6334,1,No,3,0.08,LOW
46,Sales,Manager,17465,12,No,3,0.08,LOW
27,Research & Development,Research Scientist,1706,0,No,4,0.08,LOW
40,Research & Development,Laboratory Technician,2213,7,Yes,3,0.08,LOW
46,Sales,Manager,17567,26,No,1,0.08,LOW
46,Sales,Sales Executive,5772,9,Yes,4,0.08,LOW
38,Human Resources,Human Resources,2991,6,Yes,2,0.08,LOW
59,Research & Development,Laboratory Technician,2670,1,Yes,1,0.08,LOW
42,Research & Development,Manufacturing Director,7406,10,Yes,1,0.08,LOW
34,Sales,Sales Executive,6029,2,No,4,0.08,LOW
43,Research & Development,Laboratory Technician,2258,3,No,4,0.08,LOW
55,Research & Development,Research Director,19038,1,No,1,0.08,LOW
34,Sales,Sales Representative,2231,4,No,3,0.08,LOW
36,Research & Development,Manufacturing Director,4941,3,No,2,0.08,LOW
29,Research & Development,Laboratory Technician,2974,5,No,3,0.08,LOW
53,Sales,Sales Executive,8381,14,No,1,0.08,LOW
32,Sales,Sales Executive,4668,8,No,4,0.08,LOW
45,Research & Development,Laboratory Technician,2348,17,No,2,0.08,LOW
29,Research & Development,Manufacturing Director,5056,10,Yes,4,0.08,LOW
27,Sales,Sales Executive,4105,7,No,4,0.075,LOW
50,Human Resources,Manager,18200,32,No,2,0.075,LOW
34,Sales,Sales Representative,2579,8,Yes,3,0.075,LOW
34,Research & Development,Research Scientist,2929,10,No,4,0.075,LOW
26,Research & Development,Laboratory Technician,2305,3,No,3,0.075,LOW
37,Sales,Sales Executive,8834,9,No,2,0.075,LOW
33,Research & Development,Healthcare Representative,4878,9,Yes,4,0.075,LOW
42,Sales,Sales Executive,6825,9,No,2,0.075,LOW
31,Research & Development,Research Scientist,3065,4,Yes,1,0.075,LOW
33,Research & Development,Research Director,13458,15,Yes,4,0.075,LOW
39,Sales,Sales Executive,5902,15,No,3,0.075,LOW
50,Sales,Manager,19331,1,Yes,3,0.075,LOW
35,Research & Development,Research Scientist,5208,16,No,1,0.075,LOW
36,Sales,Sales Executive,6815,1,No,3,0.075,LOW
30,Sales,Sales Executive,9250,4,No,2,0.075,LOW
33,Sales,Sales Executive,6392,2,No,1,0.075,LOW
51,Research & Development,Manufacturing Director,6132,1,No,3,0.075,LOW
29,Research & Development,Laboratory Technician,2532,4,No,4,0.075,LOW
44,Human Resources,Human Resources,10482,20,No,1,0.075,LOW
28,Research & Development,Laboratory Technician,2207,4,No,3,0.075,LOW
46,Sales,Manager,16872,7,Yes,2,0.075,LOW
55,Research & Development,Healthcare Representative,6385,8,Yes,2,0.075,LOW
35,Human Resources,Human Resources,4323,5,No,3,0.075,LOW
36,Research & Development,Laboratory Technician,3210,15,No,4,0.075,LOW
38,Research & Development,Research Scientist,3944,3,Yes,4,0.075,LOW
36,Sales,Sales Executive,6201,18,Yes,4,0.075,LOW
29,Sales,Sales Representative,2297,2,No,2,0.075,LOW
32,Sales,Sales Executive,4078,3,Yes,2,0.075,LOW
34,Research & Development,Laboratory Technician,5429,8,No,3,0.075,LOW
47,Sales,Sales Executive,13770,22,Yes,3,0.075,LOW
36,Sales,Sales Executive,9699,13,No,4,0.075,LOW
33,Research & Development,Research Scientist,2911,2,No,4,0.075,LOW
41,Sales,Sales Executive,6151,19,No,2,0.075,LOW
27,Research & Development,Research Scientist,3058,5,Yes,2,0.075,LOW
44,Sales,Sales Executive,4768,1,No,3,0.075,LOW
32,Sales,Sales Executive,9204,4,No,4,0.075,LOW
26,Sales,Sales Executive,4294,7,No,1,0.075,LOW
31,Research & Development,Manufacturing Director,8943,10,No,3,0.075,LOW
27,Sales,Sales Executive,4478,5,Yes,3,0.075,LOW
29,Research & Development,Laboratory Technician,3983,3,No,4,0.075,LOW
44,Research & Development,Research Scientist,2011,10,No,4,0.075,LOW
40,Research & Development,Research Scientist,2342,4,Yes,4,0.075,LOW
54,Research & Development,Laboratory Technician,3780,1,No,3,0.07,LOW
43,Research & Development,Healthcare Representative,7510,10,No,3,0.07,LOW
32,Research & Development,Manufacturing Director,9679,1,No,4,0.07,LOW
60,Research & Development,Manager,19566,29,No,1,0.07,LOW
25,Human Resources,Human Resources,2187,2,No,2,0.07,LOW
34,Sales,Sales Executive,4568,9,No,3,0.07,LOW
41,Sales,Sales Executive,6230,14,No,4,0.07,LOW
28,Research & Development,Manufacturing Director,6549,8,No,2,0.07,LOW
37,Research & Development,Manufacturing Director,4197,1,Yes,2,0.07,LOW
35,Research & Development,Healthcare Representative,6142,5,Yes,3,0.07,LOW
44,Human Resources,Human Resources,5743,10,Yes,4,0.07,LOW
44,Research & Development,Laboratory Technician,2042,3,No,2,0.07,LOW
38,Research & Development,Laboratory Technician,2440,4,No,2,0.07,LOW
33,Sales,Sales Executive,5368,6,Yes,4,0.07,LOW
22,Research & Development,Laboratory Technician,2523,2,No,4,0.07,LOW
28,Human Resources,Human Resources,2706,3,No,4,0.07,LOW
42,Sales,Sales Executive,5155,6,No,1,0.07,LOW
33,Research & Development,Research Scientist,2622,3,No,2,0.07,LOW
52,Research & Development,Laboratory Technician,3212,2,No,4,0.07,LOW
26,Research & Development,Laboratory Technician,3578,7,No,1,0.07,LOW
33,Research & Development,Laboratory Technician,3838,5,No,2,0.07,LOW
26,Research & Development,Research Scientist,3904,4,No,4,0.07,LOW
45,Sales,Sales Executive,8865,19,No,4,0.07,LOW
29,Sales,Sales Executive,4554,10,No,4,0.07,LOW
50,Research & Development,Research Director,19237,8,Yes,3,0.07,LOW
38,Research & Development,Research Scientist,2821,2,No,3,0.07,LOW
45,Human Resources,Human Resources,2177,6,No,2,0.07,LOW
29,Sales,Sales Executive,6644,0,No,2,0.07,LOW
41,Research & Development,Manufacturing Director,6032,5,Yes,2,0.07,LOW
28,Research & Development,Research Scientist,3660,8,No,3,0.07,LOW
43,Sales,Sales Executive,10798,1,No,4,0.07,LOW
41,Research & Development,Laboratory Technician,4766,1,Yes,4,0.07,LOW
25,Sales,Sales Executive,4194,5,Yes,1,0.07,LOW
47,Sales,Sales Executive,4163,9,Yes,4,0.07,LOW
22,Research & Development,Laboratory Technician,2451,4,No,1,0.07,LOW
37,Sales,Sales Representative,2973,5,No,4,0.07,LOW
48,Research & Development,Research Scientist,2259,0,No,3,0.07,LOW
31,Research & Development,Research Scientist,2356,6,Yes,4,0.07,LOW
29,Research & Development,Laboratory Technician,4193,9,Yes,3,0.07,LOW
47,Research & Development,Healthcare Representative,8633,17,No,3,0.065,LOW
39,Sales,Sales Executive,13341,20,No,1,0.065,LOW
35,Sales,Sales Executive,4859,5,No,3,0.065,LOW
34,Sales,Sales Executive,5337,10,No,4,0.065,LOW
28,Research & Development,Research Scientist,3591,3,No,1,0.065,LOW
31,Sales,Sales Representative,2329,7,No,3,0.065,LOW
59,Sales,Sales Executive,7637,21,No,1,0.065,LOW
43,Research & Development,Manager,19392,16,No,3,0.065,LOW
53,Sales,Sales Executive,10934,5,Yes,4,0.065,LOW
41,Research & Development,Healthcare Representative,6870,3,No,2,0.065,LOW
49,Research & Development,Laboratory Technician,3211,9,No,1,0.065,LOW
27,Research & Development,Research Scientist,3445,6,No,4,0.065,LOW
38,Research & Development,Laboratory Technician,2468,6,No,2,0.065,LOW
58,Sales,Sales Executive,13872,37,No,3,0.065,LOW
56,Sales,Sales Executive,13212,7,No,1,0.065,LOW
41,Sales,Manager,16015,22,No,2,0.065,LOW
37,Research & Development,Research Scientist,3936,8,No,2,0.065,LOW
45,Research & Development,Laboratory Technician,5769,10,Yes,1,0.065,LOW
36,Research & Development,Laboratory Technician,2835,1,No,4,0.065,LOW
27,Research & Development,Research Scientist,3517,3,No,3,0.065,LOW
53,Sales,Sales Executive,7525,15,No,2,0.065,LOW
27,Research & Development,Research Scientist,2024,2,No,2,0.065,LOW
50,Research & Development,Research Director,14411,32,Yes,4,0.065,LOW
38,Sales,Sales Executive,4198,3,No,2,0.065,LOW
35,Research & Development,Laboratory Technician,2690,1,No,4,0.065,LOW
46,Research & Development,Research Director,19627,2,No,4,0.065,LOW
37,Research & Development,Research Scientist,2115,17,No,4,0.065,LOW
36,Research & Development,Research Scientist,4485,8,No,2,0.065,LOW
23,Research & Development,Research Scientist,2819,3,No,1,0.065,LOW
51,Research & Development,Manufacturing Director,10650,4,No,4,0.065,LOW
30,Research & Development,Research Scientist,2632,5,No,3,0.065,LOW
35,Research & Development,Laboratory Technician,2376,2,No,4,0.065,LOW
43,Research & Development,Research Scientist,4081,20,Yes,3,0.065,LOW
37,Research & Development,Research Scientist,2996,6,Yes,3,0.065,LOW
54,Research & Development,Manufacturing Director,5485,5,Yes,1,0.065,LOW
27,Research & Development,Manufacturing Director,8793,9,No,1,0.065,LOW
35,Research & Development,Laboratory Technician,2450,3,No,1,0.065,LOW
29,Research & Development,Laboratory Technician,4025,4,Yes,2,0.065,LOW
58,Research & Development,Research Scientist,2372,2,No,3,0.065,LOW
27,Research & Development,Laboratory Technician,3816,5,No,2,0.065,LOW
36,Sales,Sales Executive,6652,6,No,4,0.065,LOW
43,Research & Development,Research Scientist,4739,3,No,3,0.06,LOW
34,Research & Development,Manufacturing Director,4724,9,No,4,0.06,LOW
26,Research & Development,Laboratory Technician,2867,7,No,1,0.06,LOW
45,Research & Development,Healthcare Representative,5399,4,No,3,0.06,LOW
49,Research & Development,Healthcare Representative,13964,7,Yes,3,0.06,LOW
45,Research & Development,Manufacturing Director,5906,9,No,4,0.06,LOW
28,Research & Development,Research Scientist,2044,5,No,4,0.06,LOW
47,Sales,Sales Executive,4978,1,No,2,0.06,LOW
32,Research & Development,Research Scientist,2718,7,No,2,0.06,LOW
35,Sales,Sales Executive,7823,10,No,4,0.06,LOW
24,Research & Development,Manufacturing Director,4377,4,No,3,0.06,LOW
55,Sales,Sales Executive,10239,1,No,4,0.06,LOW
22,Research & Development,Manufacturing Director,4775,2,No,4,0.06,LOW
29,Research & Development,Laboratory Technician,2062,3,No,1,0.06,LOW
32,Sales,Sales Executive,4403,5,No,4,0.06,LOW
55,Research & Development,Research Scientist,2662,5,No,4,0.06,LOW
40,Sales,Sales Executive,10932,1,No,1,0.06,LOW
42,Sales,Sales Executive,5087,0,Yes,4,0.06,LOW
44,Sales,Sales Executive,5454,4,Yes,1,0.06,LOW
40,Research & Development,Laboratory Technician,6323,10,No,3,0.06,LOW
53,Research & Development,Research Director,14275,12,No,4,0.06,LOW
31,Sales,Sales Representative,3067,2,No,3,0.06,LOW
40,Sales,Sales Executive,5473,8,No,1,0.06,LOW
37,Research & Development,Research Scientist,4285,10,No,4,0.06,LOW
48,Research & Development,Research Scientist,2367,8,No,1,0.06,LOW
34,Sales,Sales Representative,2308,11,Yes,3,0.06,LOW
40,Sales,Sales Executive,8396,7,No,1,0.06,LOW
22,Research & Development,Research Scientist,2244,2,No,2,0.06,LOW
30,Sales,Sales Executive,9419,10,No,4,0.06,LOW
23,Research & Development,Laboratory Technician,2272,4,No,3,0.06,LOW
42,Research & Development,Research Scientist,6545,3,Yes,1,0.06,LOW
34,Research & Development,Research Scientist,4381,6,No,1,0.06,LOW
34,Sales,Sales Executive,6125,10,No,1,0.06,LOW
34,Research & Development,Research Scientist,2311,3,No,2,0.06,LOW
32,Research & Development,Laboratory Technician,4025,8,No,3,0.06,LOW
33,Sales,Sales Executive,4037,9,No,1,0.06,LOW
34,Research & Development,Research Scientist,3622,6,Yes,4,0.06,LOW
42,Human Resources,Human Resources,6272,4,No,1,0.06,LOW
33,Sales,Sales Executive,9998,5,No,4,0.06,LOW
34,Research & Development,Manufacturing Director,5957,11,No,1,0.06,LOW
23,Research & Development,Laboratory Technician,2500,4,No,1,0.06,LOW
36,Research & Development,Laboratory Technician,2741,7,No,3,0.055,LOW
43,Sales,Sales Executive,10231,21,No,4,0.055,LOW
29,Research & Development,Research Scientist,2058,6,No,3,0.055,LOW
28,Research & Development,Research Scientist,2080,3,No,1,0.055,LOW
43,Research & Development,Research Director,19740,8,No,4,0.055,LOW
30,Sales,Sales Executive,5304,8,No,4,0.055,LOW
46,Human Resources,Human Resources,3423,7,No,1,0.055,LOW
34,Research & Development,Research Scientist,3815,5,Yes,3,0.055,LOW
45,Sales,Sales Executive,5006,5,Yes,1,0.055,LOW
35,Research & Development,Laboratory Technician,4230,5,No,3,0.055,LOW
39,Research & Development,Research Scientist,4108,7,No,4,0.055,LOW
34,Sales,Sales Executive,4538,3,Yes,1,0.055,LOW
39,Human Resources,Human Resources,6389,8,No,2,0.055,LOW
31,Sales,Sales Executive,6929,8,No,4,0.055,LOW
38,Research & Development,Manufacturing Director,7756,5,Yes,3,0.055,LOW
45,Sales,Sales Executive,4385,10,No,1,0.055,LOW
27,Research & Development,Laboratory Technician,4066,7,No,1,0.055,LOW
30,Research & Development,Research Scientist,2613,10,No,3,0.055,LOW
45,Research & Development,Laboratory Technician,3633,9,Yes,1,0.055,LOW
38,Human Resources,Human Resources,2592,11,No,2,0.055,LOW
44,Human Resources,Human Resources,3195,2,Yes,4,0.055,LOW
24,Sales,Sales Representative,2400,2,No,4,0.055,LOW
41,Human Resources,Human Resources,6430,3,No,2,0.055,LOW
34,Research & Development,Research Scientist,2932,5,Yes,4,0.055,LOW
41,Human Resources,Manager,19141,21,No,4,0.055,LOW
42,Research & Development,Laboratory Technician,2576,5,No,1,0.055,LOW
44,Research & Development,Manufacturing Director,10209,2,Yes,3,0.055,LOW
36,Research & Development,Laboratory Technician,2088,8,No,2,0.055,LOW
44,Human Resources,Human Resources,5985,2,No,3,0.055,LOW
36,Research & Development,Laboratory Technician,3038,1,No,4,0.055,LOW
37,Research & Development,Research Director,13664,5,No,3,0.055,LOW
31,Sales,Sales Executive,9637,3,No,1,0.055,LOW
35,Research & Development,Manufacturing Director,4788,3,Yes,2,0.055,LOW
35,Sales,Sales Executive,4717,11,No,3,0.055,LOW
38,Sales,Sales Representative,5405,4,Yes,4,0.055,LOW
31,Research & Development,Manufacturing Director,5238,5,No,4,0.055,LOW
53,Research & Development,Healthcare Representative,7005,4,No,4,0.055,LOW
38,Research & Development,Research Scientist,2619,0,No,1,0.055,LOW
50,Sales,Sales Executive,9208,2,No,4,0.055,LOW
53,Sales,Sales Executive,11836,2,No,4,0.055,LOW
40,Sales,Sales Executive,7457,4,Yes,4,0.055,LOW
40,Research & Development,Manufacturing Director,13237,20,No,3,0.055,LOW
55,Human Resources,Manager,19636,10,Yes,2,0.055,LOW
54,Research & Development,Manufacturing Director,4440,5,Yes,1,0.055,LOW
31,Research & Development,Manufacturing Director,9936,9,No,1,0.055,LOW
45,Research & Development,Manufacturing Director,9380,3,Yes,4,0.055,LOW
29,Human Resources,Human Resources,7988,10,No,1,0.055,LOW
40,Research & Development,Research Scientist,4422,1,Yes,4,0.055,LOW
40,Research & Development,Laboratory Technician,2741,7,Yes,4,0.055,LOW
30,Research & Development,Laboratory Technician,2564,11,No,4,0.055,LOW
34,Research & Development,Research Scientist,5484,2,No,4,0.055,LOW
38,Human Resources,Human Resources,6077,6,No,3,0.055,LOW
53,Research & Development,Manufacturing Director,10169,33,No,4,0.055,LOW
29,Research & Development,Research Scientist,2720,10,No,4,0.055,LOW
55,Research & Development,Manager,19045,36,Yes,1,0.055,LOW
30,Sales,Sales Executive,5301,2,No,3,0.055,LOW
28,Sales,Sales Executive,4898,4,No,1,0.055,LOW
53,Sales,Sales Representative,2306,7,Yes,3,0.055,LOW
34,Research & Development,Research Scientist,2979,0,No,4,0.055,LOW
23,Research & Development,Research Scientist,2073,2,No,3,0.055,LOW
26,Research & Development,Laboratory Technician,3955,5,No,1,0.055,LOW
55,Research & Development,Laboratory Technician,5415,10,Yes,4,0.05,LOW
24,Sales,Sales Executive,4260,5,Yes,3,0.05,LOW
56,Research & Development,Research Scientist,4257,2,Yes,1,0.05,LOW
34,Research & Development,Healthcare Representative,5063,8,No,3,0.05,LOW
38,Research & Development,Manufacturing Director,7861,1,Yes,3,0.05,LOW
25,Sales,Sales Executive,6232,3,No,3,0.05,LOW
37,Research & Development,Laboratory Technician,3452,5,No,1,0.05,LOW
31,Research & Development,Healthcare Representative,6833,6,Yes,1,0.05,LOW
38,Research & Development,Manufacturing Director,6553,1,No,3,0.05,LOW
27,Sales,Sales Executive,5769,6,Yes,4,0.05,LOW
56,Research & Development,Manager,19943,5,No,1,0.05,LOW
25,Sales,Sales Executive,4950,4,No,4,0.05,LOW
36,Research & Development,Healthcare Representative,7094,7,No,3,0.05,LOW
56,Research & Development,Healthcare Representative,11103,10,No,4,0.05,LOW
38,Sales,Sales Executive,5249,8,No,4,0.05,LOW
42,Research & Development,Laboratory Technician,2593,9,Yes,1,0.05,LOW
46,Human Resources,Human Resources,5021,4,Yes,2,0.05,LOW
45,Research & Development,Laboratory Technician,5210,24,No,1,0.05,LOW
32,Sales,Sales Executive,5228,13,Yes,2,0.05,LOW
38,Research & Development,Laboratory Technician,2406,10,No,4,0.05,LOW
34,Sales,Sales Executive,6538,3,No,3,0.05,LOW
42,Research & Development,Healthcare Representative,5538,0,No,1,0.05,LOW
31,Sales,Sales Executive,6932,9,No,3,0.05,LOW
35,Sales,Sales Executive,9069,9,No,1,0.05,LOW
33,Sales,Sales Executive,5376,5,No,1,0.05,LOW
37,Research & Development,Research Scientist,3022,1,No,2,0.05,LOW
35,Research & Development,Research Scientist,2977,4,No,4,0.05,LOW
24,Research & Development,Laboratory Technician,3162,5,No,4,0.05,LOW
33,Sales,Sales Executive,4682,7,No,4,0.05,LOW
32,Research & Development,Laboratory Technician,2332,3,No,2,0.05,LOW
37,Research & Development,Manufacturing Director,6347,6,No,4,0.05,LOW
43,Research & Development,Manufacturing Director,4765,1,No,2,0.05,LOW
41,Sales,Sales Executive,9241,10,No,3,0.05,LOW
33,Sales,Sales Representative,2342,2,No,4,0.05,LOW
40,Research & Development,Laboratory Technician,3448,1,No,3,0.05,LOW
24,Research & Development,Laboratory Technician,3907,6,No,1,0.05,LOW
27,Research & Development,Laboratory Technician,2811,2,No,2,0.05,LOW
40,Sales,Sales Executive,10475,18,Yes,1,0.05,LOW
52,Research & Development,Healthcare Representative,10445,8,No,2,0.05,LOW
53,Research & Development,Research Director,16598,9,No,2,0.05,LOW
39,Sales,Sales Executive,6120,5,Yes,4,0.05,LOW
35,Research & Development,Laboratory Technician,3917,3,No,4,0.05,LOW
38,Research & Development,Research Scientist,2684,2,No,3,0.05,LOW
41,Research & Development,Manufacturing Director,5003,2,No,3,0.05,LOW
55,Research & Development,Research Scientist,3537,4,No,2,0.05,LOW
28,Research & Development,Healthcare Representative,5661,8,No,1,0.05,LOW
34,Research & Development,Research Scientist,2553,5,No,4,0.05,LOW
28,Research & Development,Manufacturing Director,4877,5,No,1,0.05,LOW
38,Research & Development,Manufacturing Director,5980,15,Yes,1,0.05,LOW
22,Research & Development,Research Scientist,2773,2,No,3,0.05,LOW
29,Research & Development,Research Scientist,2700,10,No,3,0.05,LOW
37,Research & Development,Research Scientist,3564,8,Yes,1,0.05,LOW
46,Sales,Manager,17048,26,No,1,0.05,LOW
34,Research & Development,Manufacturing Director,5121,0,No,1,0.05,LOW
21,Research & Development,Research Scientist,3117,2,No,4,0.045,LOW
26,Research & Development,Laboratory Technician,2570,7,No,4,0.045,LOW
46,Research & Development,Healthcare Representative,10673,10,Yes,1,0.045,LOW
38,Research & Development,Healthcare Representative,6288,4,No,1,0.045,LOW
25,Sales,Sales Representative,2096,7,No,3,0.045,LOW
38,Research & Development,Laboratory Technician,3306,0,No,3,0.045,LOW
31,Research & Development,Research Scientist,4821,5,Yes,4,0.045,LOW
26,Research & Development,Research Scientist,2368,5,No,2,0.045,LOW
26,Research & Development,Manufacturing Director,5472,8,No,4,0.045,LOW
41,Sales,Sales Executive,10447,22,Yes,3,0.045,LOW
29,Research & Development,Manufacturing Director,4262,3,No,4,0.045,LOW
41,Sales,Sales Executive,4393,5,No,2,0.045,LOW
36,Sales,Sales Executive,9980,10,No,4,0.045,LOW
55,Sales,Manager,16835,10,No,2,0.045,LOW
30,Research & Development,Laboratory Technician,2206,10,No,3,0.045,LOW
42,Research & Development,Research Scientist,5410,4,Yes,1,0.045,LOW
36,Research & Development,Manufacturing Director,5131,4,No,2,0.045,LOW
42,Research & Development,Manager,18880,22,No,3,0.045,LOW
36,Human Resources,Human Resources,3886,10,No,4,0.045,LOW
36,Research & Development,Healthcare Representative,8321,12,Yes,1,0.045,LOW
43,Research & Development,Research Director,14336,25,No,2,0.045,LOW
39,Sales,Sales Executive,4127,2,No,4,0.045,LOW
40,Sales,Manager,19833,21,No,2,0.045,LOW
30,Research & Development,Research Scientist,3761,5,No,4,0.045,LOW
29,Research & Development,Healthcare Representative,6384,7,No,3,0.045,LOW
26,Research & Development,Manufacturing Director,6397,6,No,2,0.045,LOW
44,Research & Development,Laboratory Technician,3162,5,No,3,0.045,LOW
32,Sales,Sales Executive,5396,10,No,4,0.045,LOW
27,Research & Development,Manufacturing Director,7412,9,No,1,0.045,LOW
47,Sales,Sales Executive,4960,7,No,1,0.045,LOW
38,Sales,Sales Executive,5605,8,Yes,1,0.045,LOW
35,Research & Development,Manager,11996,7,No,2,0.045,LOW
29,Research & Development,Research Scientist,2514,7,No,4,0.045,LOW
38,Sales,Sales Executive,8740,8,Yes,3,0.045,LOW
48,Sales,Manager,12504,0,No,3,0.045,LOW
37,Research & Development,Laboratory Technician,3034,18,No,1,0.045,LOW
29,Sales,Sales Executive,4649,4,No,3,0.045,LOW
48,Sales,Sales Executive,8120,2,No,2,0.045,LOW
49,Research & Development,Healthcare Representative,10965,5,No,3,0.045,LOW
49,Research & Development,Research Director,18665,3,Yes,1,0.045,LOW
55,Research & Development,Manager,16756,9,No,1,0.045,LOW
34,Sales,Sales Executive,7083,10,Yes,3,0.045,LOW
27,Sales,Sales Executive,5071,6,No,4,0.045,LOW
35,Sales,Sales Representative,2572,3,No,4,0.045,LOW
34,Research & Development,Laboratory Technician,3294,5,No,2,0.045,LOW
28,Sales,Sales Executive,4724,5,No,1,0.045,LOW
29,Research & Development,Research Scientist,2340,6,No,4,0.045,LOW
37,Research & Development,Research Director,12185,10,Yes,4,0.045,LOW
35,Research & Development,Research Scientist,3506,3,Yes,3,0.045,LOW
30,Research & Development,Manufacturing Director,4695,8,Yes,3,0.045,LOW
46,Sales,Manager,18789,11,No,2,0.045,LOW
42,Research & Development,Manager,19232,22,No,4,0.045,LOW
36,Sales,Sales Executive,6653,1,No,4,0.045,LOW
32,Sales,Sales Representative,3931,4,No,2,0.045,LOW
60,Sales,Sales Executive,5220,11,Yes,4,0.045,LOW
57,Sales,Manager,14118,1,No,4,0.045,LOW
30,Sales,Sales Executive,8412,9,No,1,0.045,LOW
40,Research & Development,Research Scientist,2809,2,No,3,0.045,LOW
30,Research & Development,Laboratory Technician,2097,5,No,4,0.04,LOW
43,Sales,Manager,16064,17,Yes,4,0.04,LOW
27,Sales,Sales Executive,8726,9,No,3,0.04,LOW
39,Research & Development,Manager,19272,21,No,4,0.04,LOW
33,Sales,Sales Executive,5487,10,No,3,0.04,LOW
44,Research & Development,Healthcare Representative,5033,2,No,1,0.04,LOW
35,Research & Development,Research Scientist,2194,3,No,1,0.04,LOW
43,Sales,Sales Executive,5675,7,No,4,0.04,LOW
38,Research & Development,Research Scientist,5329,13,Yes,4,0.04,LOW
30,Research & Development,Laboratory Technician,5126,10,Yes,4,0.04,LOW
37,Human Resources,Human Resources,4071,10,No,2,0.04,LOW
39,Research & Development,Manager,19197,21,Yes,3,0.04,LOW
33,Sales,Manager,17444,10,No,3,0.04,LOW
43,Research & Development,Healthcare Representative,4522,5,Yes,3,0.04,LOW
54,Research & Development,Research Director,19406,4,No,1,0.04,LOW
46,Research & Development,Research Director,19328,2,Yes,4,0.04,LOW
37,Sales,Sales Executive,4189,5,No,2,0.04,LOW
36,Research & Development,Research Scientist,3692,11,No,2,0.04,LOW
45,Sales,Sales Representative,6632,8,No,3,0.04,LOW
34,Sales,Sales Executive,4001,15,Yes,3,0.04,LOW
32,Sales,Sales Executive,5010,11,No,3,0.04,LOW
30,Research & Development,Healthcare Representative,4152,11,No,4,0.04,LOW
51,Research & Development,Laboratory Technician,2075,4,No,4,0.04,LOW
30,Research & Development,Research Scientist,4968,9,No,1,0.04,LOW
46,Sales,Sales Executive,10368,10,Yes,4,0.04,LOW
54,Human Resources,Manager,17328,5,Yes,4,0.04,LOW
51,Research & Development,Healthcare Representative,7484,13,No,1,0.04,LOW
25,Research & Development,Research Scientist,2889,2,No,4,0.04,LOW
58,Research & Development,Healthcare Representative,5660,5,Yes,3,0.04,LOW
51,Research & Development,Manufacturing Director,5482,4,No,2,0.04,LOW
36,Research & Development,Healthcare Representative,6842,5,No,1,0.04,LOW
27,Research & Development,Research Scientist,2580,4,No,4,0.04,LOW
39,Research & Development,Manufacturing Director,10880,21,Yes,1,0.04,LOW
36,Research & Development,Manufacturing Director,5410,16,Yes,2,0.04,LOW
34,Human Resources,Human Resources,4490,10,No,2,0.04,LOW
35,Sales,Sales Executive,8789,10,No,3,0.04,LOW
29,Sales,Sales Executive,7918,11,No,4,0.04,LOW
41,Sales,Manager,13591,1,Yes,4,0.04,LOW
40,Research & Development,Manufacturing Director,10435,18,No,3,0.04,LOW
45,Research & Development,Research Scientist,3452,6,No,4,0.04,LOW
27,Research & Development,Research Scientist,2045,4,No,4,0.04,LOW
36,Research & Development,Manufacturing Director,8847,3,Yes,2,0.04,LOW
32,Research & Development,Research Scientist,6322,6,Yes,4,0.04,LOW
43,Research & Development,Laboratory Technician,4876,6,No,2,0.04,LOW
33,Research & Development,Laboratory Technician,5207,15,Yes,3,0.04,LOW
29,Sales,Sales Executive,8268,7,Yes,2,0.04,LOW
31,Research & Development,Manufacturing Director,7143,11,Yes,4,0.04,LOW
34,Research & Development,Healthcare Representative,7756,6,No,4,0.04,LOW
35,Research & Development,Healthcare Representative,8606,11,No,2,0.04,LOW
57,Research & Development,Healthcare Representative,9439,5,Yes,4,0.04,LOW
50,Research & Development,Manager,17856,2,No,1,0.04,LOW
32,Sales,Sales Executive,8998,9,No,4,0.04,LOW
42,Research & Development,Healthcare Representative,6781,1,No,4,0.04,LOW
42,Research & Development,Research Director,15992,1,No,4,0.04,LOW
23,Research & Development,Research Scientist,2904,4,No,4,0.04,LOW
50,Sales,Sales Representative,3875,2,No,2,0.04,LOW
29,Research & Development,Research Scientist,3291,7,No,2,0.04,LOW
43,Research & Development,Manufacturing Director,10820,8,No,1,0.04,LOW
48,Sales,Sales Executive,5486,2,No,1,0.04,LOW
24,Sales,Sales Executive,4162,5,Yes,3,0.04,LOW
34,Research & Development,Research Scientist,2996,4,No,1,0.04,LOW
31,Research & Development,Research Director,16422,3,No,2,0.04,LOW
35,Research & Development,Manufacturing Director,10274,7,No,2,0.04,LOW
56,Research & Development,Manufacturing Director,13402,19,Yes,2,0.04,LOW
27,Sales,Sales Executive,4342,4,No,4,0.04,LOW
51,Research & Development,Research Scientist,2723,1,No,4,0.04,LOW
34,Research & Development,Healthcare Representative,6142,5,No,3,0.04,LOW
40,Research & Development,Research Scientist,3544,4,No,3,0.04,LOW
39,Research & Development,Manufacturing Director,4534,8,No,3,0.04,LOW
38,Sales,Sales Executive,4440,15,No,2,0.04,LOW
24,Research & Development,Healthcare Representative,4617,4,No,3,0.04,LOW
42,Research & Development,Laboratory Technician,5231,5,Yes,4,0.04,LOW
39,Research & Development,Healthcare Representative,9991,7,No,1,0.04,LOW
38,Research & Development,Manufacturing Director,5321,8,No,3,0.035,LOW
34,Research & Development,Laboratory Technician,2661,2,No,4,0.035,LOW
23,Research & Development,Laboratory Technician,2647,5,No,4,0.035,LOW
36,Sales,Sales Executive,7644,9,No,4,0.035,LOW
35,Research & Development,Healthcare Representative,5689,10,Yes,3,0.035,LOW
28,Research & Development,Laboratory Technician,6674,9,No,4,0.035,LOW
31,Research & Development,Manufacturing Director,4148,4,No,1,0.035,LOW
27,Sales,Sales Executive,6349,5,Yes,2,0.035,LOW
28,Sales,Sales Executive,4908,4,No,4,0.035,LOW
47,Sales,Sales Executive,4537,7,Yes,4,0.035,LOW
47,Research & Development,Research Scientist,5467,8,No,2,0.035,LOW
27,Research & Development,Research Scientist,2187,5,No,3,0.035,LOW
31,Sales,Sales Executive,5460,7,No,4,0.035,LOW
36,Human Resources,Human Resources,2143,5,No,2,0.035,LOW
60,Research & Development,Healthcare Representative,10883,1,No,4,0.035,LOW
36,Research & Development,Healthcare Representative,5347,3,No,3,0.035,LOW
59,Sales,Manager,11904,6,Yes,4,0.035,LOW
34,Sales,Sales Executive,9725,15,No,4,0.035,LOW
51,Sales,Manager,19847,29,Yes,2,0.035,LOW
37,Sales,Sales Representative,2793,9,No,4,0.035,LOW
36,Research & Development,Laboratory Technician,5914,13,No,2,0.035,LOW
55,Research & Development,Healthcare Representative,13577,33,Yes,2,0.035,LOW
47,Sales,Manager,15972,3,No,2,0.035,LOW
46,Research & Development,Research Director,17861,3,No,3,0.035,LOW
28,Research & Development,Research Scientist,2144,5,No,3,0.035,LOW
58,Sales,Manager,17875,1,Yes,4,0.035,LOW
33,Sales,Sales Executive,8380,9,Yes,3,0.035,LOW
39,Research & Development,Manufacturing Director,5042,9,No,3,0.035,LOW
32,Research & Development,Research Scientist,3312,3,No,4,0.035,LOW
35,Research & Development,Laboratory Technician,3407,10,No,3,0.035,LOW
29,Research & Development,Healthcare Representative,8853,6,No,4,0.035,LOW
41,Research & Development,Manager,17181,7,No,1,0.035,LOW
30,Research & Development,Research Scientist,3204,3,No,1,0.035,LOW
35,Research & Development,Research Scientist,6646,17,No,4,0.035,LOW
42,Sales,Sales Executive,4907,20,No,3,0.035,LOW
30,Sales,Sales Executive,7140,7,No,1,0.035,LOW
31,Research & Development,Healthcare Representative,6812,10,No,1,0.035,LOW
34,Sales,Sales Executive,6274,6,No,4,0.035,LOW
27,Research & Development,Laboratory Technician,2099,5,No,1,0.035,LOW
40,Research & Development,Healthcare Representative,6377,12,No,3,0.035,LOW
51,Research & Development,Research Director,12490,10,No,2,0.035,LOW
27,Sales,Sales Executive,9981,7,No,3,0.035,LOW
30,Research & Development,Manufacturing Director,8474,11,No,3,0.035,LOW
50,Research & Development,Healthcare Representative,10496,4,No,4,0.035,LOW
30,Research & Development,Research Scientist,3579,11,Yes,2,0.035,LOW
24,Sales,Sales Executive,4999,3,No,3,0.035,LOW
50,Research & Development,Research Director,19144,10,No,2,0.035,LOW
35,Sales,Sales Executive,8966,7,Yes,1,0.035,LOW
46,Research & Development,Research Director,19081,4,No,2,0.035,LOW
36,Sales,Sales Executive,7596,10,No,3,0.035,LOW
55,Research & Development,Manager,16659,5,Yes,4,0.035,LOW
40,Research & Development,Laboratory Technician,3377,4,No,1,0.035,LOW
39,Research & Development,Research Director,13464,4,No,3,0.035,LOW
33,Research & Development,Research Scientist,3143,10,No,1,0.035,LOW
58,Sales,Manager,16291,16,No,2,0.035,LOW
32,Research & Development,Laboratory Technician,2176,6,No,1,0.035,LOW
26,Sales,Sales Executive,5296,8,No,3,0.035,LOW
31,Research & Development,Laboratory Technician,5915,7,No,4,0.035,LOW
37,Research & Development,Research Scientist,4284,5,Yes,1,0.035,LOW
39,Research & Development,Research Scientist,3902,2,No,4,0.035,LOW
34,Research & Development,Healthcare Representative,8621,8,No,2,0.035,LOW
41,Research & Development,Research Scientist,5467,6,Yes,4,0.035,LOW
29,Research & Development,Laboratory Technician,3180,3,No,2,0.035,LOW
55,Research & Development,Healthcare Representative,4035,3,Yes,3,0.035,LOW
34,Sales,Sales Executive,6500,3,No,1,0.035,LOW
45,Research & Development,Manager,18061,0,No,2,0.035,LOW
29,Research & Development,Manufacturing Director,4319,10,No,3,0.035,LOW
36,Research & Development,Research Director,11713,8,No,1,0.035,LOW
38,Human Resources,Human Resources,2844,7,No,3,0.035,LOW
32,Research & Development,Research Scientist,5055,7,No,4,0.035,LOW
31,Sales,Sales Executive,7547,7,No,4,0.035,LOW
44,Research & Development,Research Scientist,3420,5,No,2,0.035,LOW
34,Research & Development,Healthcare Representative,5343,13,No,1,0.035,LOW
34,Research & Development,Manufacturing Director,4033,3,No,3,0.035,LOW
33,Research & Development,Manager,11878,10,No,2,0.035,LOW
28,Human Resources,Human Resources,4936,5,No,4,0.035,LOW
40,Research & Development,Research Director,13757,9,No,2,0.035,LOW
46,Research & Development,Manufacturing Director,8578,9,No,4,0.035,LOW
42,Research & Development,Research Scientist,2936,6,No,3,0.035,LOW
29,Research & Development,Laboratory Technician,3812,11,No,4,0.035,LOW
38,Sales,Sales Representative,2899,2,No,2,0.035,LOW
36,Research & Development,Laboratory Technician,2571,5,No,4,0.035,LOW
32,Research & Development,Laboratory Technician,5309,10,No,4,0.035,LOW
38,Sales,Sales Executive,6893,7,No,1,0.035,LOW
42,Research & Development,Research Scientist,4332,20,No,3,0.035,LOW
42,Sales,Sales Executive,13525,20,No,2,0.035,LOW
31,Sales,Sales Executive,5476,10,No,4,0.035,LOW
33,Sales,Sales Executive,6146,7,No,2,0.035,LOW
29,Sales,Sales Executive,4187,10,Yes,2,0.035,LOW
26,Research & Development,Research Scientist,2886,3,No,4,0.035,LOW
36,Research & Development,Manufacturing Director,10252,7,Yes,1,0.03,LOW
43,Sales,Manager,16959,25,Yes,4,0.03,LOW
44,Research & Development,Healthcare Representative,10248,22,No,4,0.03,LOW
29,Research & Development,Healthcare Representative,5373,5,No,1,0.03,LOW
35,Sales,Sales Executive,5204,10,Yes,4,0.03,LOW
36,Research & Development,Laboratory Technician,5674,9,No,2,0.03,LOW
41,Sales,Sales Executive,8189,9,Yes,3,0.03,LOW
28,Sales,Sales Executive,8463,5,No,1,0.03,LOW
35,Research & Development,Research Scientist,2859,6,No,3,0.03,LOW
29,Sales,Sales Executive,6931,3,No,4,0.03,LOW
31,Sales,Sales Executive,10793,13,No,4,0.03,LOW
40,Research & Development,Research Scientist,4661,9,No,4,0.03,LOW
30,Research & Development,Manager,11916,9,Yes,1,0.03,LOW
50,Research & Development,Research Director,16880,3,Yes,1,0.03,LOW
46,Sales,Manager,18947,2,No,1,0.03,LOW
58,Research & Development,Research Director,15787,2,Yes,3,0.03,LOW
35,Research & Development,Manufacturing Director,10685,17,Yes,3,0.03,LOW
41,Research & Development,Research Scientist,2451,9,No,3,0.03,LOW
38,Sales,Sales Executive,8686,8,No,4,0.03,LOW
36,Research & Development,Research Scientist,6962,1,Yes,2,0.03,LOW
30,Sales,Sales Executive,6578,10,No,3,0.03,LOW
35,Research & Development,Laboratory Technician,2258,8,No,3,0.03,LOW
49,Research & Development,Laboratory Technician,7403,26,No,2,0.03,LOW
39,Research & Development,Manager,17068,21,Yes,1,0.03,LOW
32,Research & Development,Manufacturing Director,6162,9,Yes,4,0.03,LOW
31,Research & Development,Manufacturing Director,4306,13,No,1,0.03,LOW
27,Research & Development,Research Scientist,2517,5,No,3,0.03,LOW
29,Research & Development,Laboratory Technician,3131,10,No,4,0.03,LOW
47,Research & Development,Research Scientist,3420,6,No,4,0.03,LOW
35,Research & Development,Laboratory Technician,5363,9,No,4,0.03,LOW
34,Research & Development,Healthcare Representative,6687,14,No,4,0.03,LOW
51,Sales,Sales Executive,4936,7,No,4,0.03,LOW
32,Research & Development,Laboratory Technician,2370,8,No,2,0.03,LOW
39,Sales,Sales Executive,7880,8,No,3,0.03,LOW
30,Sales,Sales Executive,7264,8,No,3,0.03,LOW
36,Sales,Sales Executive,5079,7,No,4,0.03,LOW
33,Research & Development,Research Scientist,3452,3,No,4,0.03,LOW
36,Research & Development,Research Scientist,2543,2,No,3,0.03,LOW
30,Sales,Sales Executive,6577,5,No,3,0.03,LOW
40,Sales,Sales Executive,5715,5,No,2,0.03,LOW
52,Research & Development,Manufacturing Director,13247,5,Yes,3,0.03,LOW
36,Sales,Sales Executive,5673,10,Yes,3,0.03,LOW
55,Research & Development,Research Director,14732,7,No,4,0.03,LOW
34,Sales,Sales Executive,8103,4,Yes,4,0.03,LOW
31,Sales,Sales Executive,6583,5,Yes,4,0.03,LOW
40,Research & Development,Healthcare Representative,4244,8,No,2,0.03,LOW
35,Sales,Sales Executive,7295,10,No,2,0.03,LOW
48,Research & Development,Healthcare Representative,10999,15,No,3,0.03,LOW
46,Sales,Sales Executive,9071,3,Yes,4,0.03,LOW
43,Research & Development,Healthcare Representative,9985,1,No,1,0.03,LOW
30,Research & Development,Research Scientist,2862,10,No,4,0.03,LOW
46,Research & Development,Healthcare Representative,5562,10,No,2,0.03,LOW
31,Research & Development,Research Director,11031,11,No,3,0.03,LOW
41,Sales,Sales Executive,8938,5,No,2,0.03,LOW
29,Research & Development,Manufacturing Director,9980,10,No,1,0.03,LOW
32,Sales,Sales Executive,10422,14,No,4,0.03,LOW
30,Research & Development,Laboratory Technician,3748,12,No,2,0.03,LOW
44,Research & Development,Research Scientist,4541,20,No,4,0.03,LOW
34,Research & Development,Research Scientist,5747,15,Yes,4,0.03,LOW
39,Research & Development,Manufacturing Director,5151,10,No,1,0.03,LOW
36,Research & Development,Laboratory Technician,2153,8,No,4,0.03,LOW
38,Research & Development,Manufacturing Director,6261,7,No,4,0.03,LOW
31,Research & Development,Laboratory Technician,3477,5,No,3,0.03,LOW
44,Research & Development,Manager,19513,2,Yes,4,0.03,LOW
43,Research & Development,Research Director,17159,4,No,1,0.03,LOW
55,Research & Development,Research Director,18722,24,No,2,0.03,LOW
30,Sales,Sales Executive,4779,3,No,1,0.03,LOW
40,Research & Development,Healthcare Representative,4876,3,No,4,0.03,LOW
46,Research & Development,Healthcare Representative,9396,4,No,1,0.03,LOW
48,Research & Development,Healthcare Representative,4240,2,No,3,0.03,LOW
50,Research & Development,Research Director,18740,27,Yes,3,0.03,LOW
33,Research & Development,Research Director,11691,13,No,3,0.03,LOW
53,Research & Development,Manufacturing Director,12965,3,Yes,3,0.03,LOW
45,Research & Development,Research Scientist,2132,5,No,4,0.03,LOW
28,Research & Development,Laboratory Technician,3196,6,No,1,0.03,LOW
45,Research & Development,Healthcare Representative,7441,10,No,2,0.03,LOW
33,Human Resources,Human Resources,3600,5,No,3,0.03,LOW
40,Human Resources,Manager,16437,21,Yes,4,0.03,LOW
30,Research & Development,Laboratory Technician,2720,5,No,4,0.03,LOW
38,Sales,Sales Executive,9924,9,No,2,0.03,LOW
50,Research & Development,Healthcare Representative,11245,30,Yes,3,0.03,LOW
51,Sales,Manager,16307,20,No,3,0.03,LOW
44,Research & Development,Research Director,19049,22,Yes,4,0.03,LOW
54,Human Resources,Human Resources,10725,9,No,2,0.03,LOW
30,Research & Development,Research Director,11416,8,Yes,1,0.03,LOW
57,Research & Development,Research Scientist,4900,12,No,3,0.025,LOW
42,Research & Development,Laboratory Technician,3673,12,No,4,0.025,LOW
37,Research & Development,Healthcare Representative,5731,6,No,4,0.025,LOW
40,Research & Development,Research Scientist,2345,3,No,3,0.025,LOW
54,Research & Development,Research Scientist,6854,7,No,4,0.025,LOW
56,Research & Development,Manufacturing Director,7260,6,No,4,0.025,LOW
36,Research & Development,Research Scientist,4678,6,No,4,0.025,LOW
32,Research & Development,Laboratory Technician,2314,3,No,4,0.025,LOW
52,Research & Development,Manufacturing Director,13826,9,No,4,0.025,LOW
41,Research & Development,Manufacturing Director,13570,20,No,2,0.025,LOW
49,Research & Development,Manufacturing Director,6567,15,No,1,0.025,LOW
32,Research & Development,Research Scientist,4998,8,Yes,3,0.025,LOW
45,Research & Development,Manager,19202,24,No,4,0.025,LOW
33,Research & Development,Research Scientist,2781,14,No,4,0.025,LOW
40,Sales,Manager,18041,20,No,3,0.025,LOW
35,Sales,Sales Executive,8020,11,No,2,0.025,LOW
32,Sales,Sales Executive,5484,13,No,3,0.025,LOW
43,Research & Development,Laboratory Technician,2455,8,No,4,0.025,LOW
35,Research & Development,Healthcare Representative,4014,10,Yes,4,0.025,LOW
45,Research & Development,Research Director,13245,0,Yes,1,0.025,LOW
32,Sales,Sales Executive,6524,10,No,2,0.025,LOW
34,Research & Development,Healthcare Representative,8500,9,No,4,0.025,LOW
32,Research & Development,Research Scientist,5175,5,No,3,0.025,LOW
33,Research & Development,Healthcare Representative,7119,3,No,4,0.025,LOW
42,Research & Development,Manufacturing Director,6062,4,Yes,4,0.025,LOW
36,Research & Development,Healthcare Representative,6586,16,Yes,4,0.025,LOW
37,Research & Development,Research Scientist,4449,13,Yes,3,0.025,LOW
55,Research & Development,Manager,14756,5,Yes,3,0.025,LOW
31,Research & Development,Healthcare Representative,5855,9,Yes,4,0.025,LOW
47,Research & Development,Research Director,17169,20,No,3,0.025,LOW
57,Research & Development,Healthcare Representative,6755,3,No,3,0.025,LOW
46,Research & Development,Manufacturing Director,5258,1,No,3,0.025,LOW
45,Research & Development,Manufacturing Director,6434,3,No,3,0.025,LOW
36,Research & Development,Laboratory Technician,5810,10,No,4,0.025,LOW
50,Research & Development,Manager,19926,5,No,2,0.025,LOW
42,Research & Development,Manager,18430,24,No,4,0.025,LOW
33,Research & Development,Manufacturing Director,4320,5,No,2,0.025,LOW
29,Research & Development,Healthcare Representative,9715,7,No,1,0.025,LOW
42,Research & Development,Healthcare Representative,10124,20,Yes,4,0.025,LOW
40,Research & Development,Healthcare Representative,13503,22,No,2,0.025,LOW
28,Sales,Sales Executive,4221,5,No,3,0.025,LOW
38,Research & Development,Laboratory Technician,3702,5,No,3,0.025,LOW
48,Sales,Sales Executive,6439,8,No,3,0.025,LOW
40,Research & Development,Manager,16823,19,No,1,0.025,LOW
46,Sales,Sales Executive,13225,19,No,1,0.025,LOW
37,Research & Development,Research Director,13603,5,Yes,4,0.025,LOW
49,Research & Development,Healthcare Representative,6651,3,No,3,0.025,LOW
28,Research & Development,Research Scientist,2713,5,No,4,0.025,LOW
45,Research & Development,Research Scientist,9724,1,No,1,0.025,LOW
32,Research & Development,Manager,11244,5,No,4,0.025,LOW
30,Research & Development,Laboratory Technician,4627,9,No,4,0.025,LOW
53,Sales,Manager,14852,17,No,3,0.025,LOW
35,Sales,Sales Executive,4312,15,No,1,0.025,LOW
28,Research & Development,Laboratory Technician,4558,10,No,1,0.025,LOW
38,Sales,Sales Executive,4028,7,No,4,0.025,LOW
27,Sales,Sales Executive,4647,6,Yes,4,0.025,LOW
40,Research & Development,Healthcare Representative,10322,11,No,4,0.025,LOW
44,Sales,Manager,18213,22,No,2,0.025,LOW
27,Research & Development,Manufacturing Director,4227,3,No,4,0.025,LOW
49,Research & Development,Manufacturing Director,6804,7,Yes,4,0.025,LOW
34,Sales,Sales Executive,5714,6,No,3,0.025,LOW
51,Research & Development,Healthcare Representative,13734,7,No,2,0.025,LOW
32,Sales,Sales Representative,2269,2,No,2,0.025,LOW
35,Sales,Sales Executive,5561,5,No,1,0.025,LOW
53,Research & Development,Manufacturing Director,4450,4,No,1,0.025,LOW
35,Research & Development,Research Scientist,2559,6,No,1,0.025,LOW
42,Research & Development,Manager,19613,1,No,4,0.025,LOW
45,Research & Development,Manufacturing Director,5770,10,No,4,0.025,LOW
45,Human Resources,Human Resources,9756,5,No,3,0.025,LOW
43,Research & Development,Research Director,16627,1,Yes,4,0.025,LOW
43,Research & Development,Laboratory Technician,5679,8,Yes,3,0.025,LOW
25,Research & Development,Manufacturing Director,5206,7,No,3,0.025,LOW
35,Research & Development,Manufacturing Director,6883,7,No,3,0.025,LOW
39,Research & Development,Laboratory Technician,6472,9,Yes,4,0.025,LOW
59,Human Resources,Manager,18844,3,No,4,0.025,LOW
44,Research & Development,Healthcare Representative,7879,8,Yes,4,0.025,LOW
27,Sales,Sales Executive,6214,8,No,2,0.025,LOW
50,Research & Development,Manager,17924,31,No,1,0.025,LOW
28,Sales,Sales Executive,6834,7,Yes,4,0.025,LOW
38,Research & Development,Research Director,12061,10,No,2,0.025,LOW
47,Human Resources,Manager,19658,5,No,3,0.025,LOW
50,Research & Development,Research Director,18172,8,Yes,2,0.025,LOW
38,Research & Development,Research Director,13206,18,No,3,0.025,LOW
40,Research & Development,Research Scientist,2001,5,No,3,0.025,LOW
53,Sales,Manager,15427,25,No,4,0.025,LOW
39,Research & Development,Laboratory Technician,3069,10,No,3,0.025,LOW
35,Research & Development,Manufacturing Director,10903,13,No,2,0.025,LOW
50,Research & Development,Manager,17046,27,No,3,0.025,LOW
48,Sales,Sales Executive,4051,9,No,4,0.025,LOW
34,Sales,Sales Executive,8628,8,No,3,0.025,LOW
31,Research & Development,Research Scientist,2911,5,No,3,0.02,LOW
24,Research & Development,Manufacturing Director,4011,4,No,3,0.02,LOW
34,Sales,Sales Executive,6712,8,No,3,0.02,LOW
38,Research & Development,Research Scientist,4735,13,No,4,0.02,LOW
38,Research & Development,Manufacturing Director,9526,9,No,3,0.02,LOW
36,Research & Development,Healthcare Representative,5237,7,No,3,0.02,LOW
22,Research & Development,Research Scientist,3375,3,No,3,0.02,LOW
48,Research & Development,Manager,15402,3,No,1,0.02,LOW
31,Research & Development,Manufacturing Director,4345,5,No,3,0.02,LOW
49,Research & Development,Research Director,19502,31,Yes,3,0.02,LOW
29,Research & Development,Research Scientist,3760,3,No,4,0.02,LOW
33,Research & Development,Research Scientist,3055,9,No,2,0.02,LOW
30,Human Resources,Human Resources,6347,11,Yes,4,0.02,LOW
31,Sales,Sales Executive,8346,5,No,3,0.02,LOW
28,Research & Development,Research Scientist,3310,5,No,4,0.02,LOW
35,Sales,Sales Executive,4601,5,No,3,0.02,LOW
41,Research & Development,Research Scientist,3376,10,No,3,0.02,LOW
29,Research & Development,Healthcare Representative,6623,6,Yes,4,0.02,LOW
55,Research & Development,Manufacturing Director,10976,3,No,2,0.02,LOW
49,Research & Development,Manager,18711,1,No,3,0.02,LOW
54,Research & Development,Manufacturing Director,10502,5,No,3,0.02,LOW
49,Sales,Sales Executive,4507,5,No,4,0.02,LOW
30,Research & Development,Healthcare Representative,5294,7,No,3,0.02,LOW
36,Research & Development,Laboratory Technician,5562,3,Yes,1,0.02,LOW
40,Sales,Sales Executive,4639,5,No,1,0.02,LOW
26,Research & Development,Research Scientist,2007,5,No,3,0.02,LOW
37,Research & Development,Manufacturing Director,5768,4,No,3,0.02,LOW
46,Research & Development,Manufacturing Director,10845,8,No,3,0.02,LOW
34,Human Resources,Human Resources,3737,3,No,4,0.02,LOW
34,Research & Development,Research Scientist,4809,16,No,3,0.02,LOW
24,Research & Development,Laboratory Technician,2774,5,No,3,0.02,LOW
41,Research & Development,Research Director,19973,21,No,3,0.02,LOW
54,Research & Development,Manufacturing Director,10739,10,No,3,0.02,LOW
35,Research & Development,Manufacturing Director,10221,8,No,3,0.02,LOW
31,Research & Development,Laboratory Technician,2218,4,No,1,0.02,LOW
30,Research & Development,Manufacturing Director,9957,6,No,1,0.02,LOW
45,Research & Development,Laboratory Technician,2270,5,No,4,0.02,LOW
52,Research & Development,Laboratory Technician,3149,5,No,3,0.02,LOW
47,Research & Development,Manager,16752,26,Yes,4,0.02,LOW
42,Research & Development,Manufacturing Director,5265,5,No,3,0.02,LOW
36,Sales,Sales Executive,5647,3,No,1,0.02,LOW
48,Research & Development,Manager,17174,22,No,4,0.02,LOW
33,Research & Development,Research Director,16184,6,No,3,0.02,LOW
39,Research & Development,Healthcare Representative,10920,6,No,3,0.02,LOW
39,Human Resources,Human Resources,5204,5,No,4,0.02,LOW
36,Sales,Sales Executive,4639,15,No,1,0.02,LOW
48,Research & Development,Manufacturing Director,7898,10,No,4,0.02,LOW
38,Research & Development,Research Scientist,2610,4,No,3,0.02,LOW
30,Sales,Sales Executive,6118,10,No,3,0.02,LOW
45,Research & Development,Research Scientist,3697,10,No,4,0.02,LOW
40,Sales,Sales Executive,6852,5,No,2,0.02,LOW
36,Research & Development,Manufacturing Director,7779,11,No,4,0.02,LOW
58,Research & Development,Healthcare Representative,10552,6,Yes,2,0.02,LOW
27,Research & Development,Research Scientist,4774,7,No,1,0.02,LOW
47,Research & Development,Manufacturing Director,10333,22,Yes,2,0.02,LOW
35,Sales,Sales Executive,4968,5,No,4,0.02,LOW
33,Research & Development,Research Scientist,2500,3,No,4,0.02,LOW
34,Research & Development,Manufacturing Director,4325,5,No,2,0.02,LOW
50,Research & Development,Laboratory Technician,3221,20,Yes,3,0.02,LOW
45,Sales,Sales Executive,5154,8,No,3,0.02,LOW
26,Sales,Sales Executive,4684,5,No,4,0.02,LOW
40,Research & Development,Healthcare Representative,4448,7,No,1,0.02,LOW
31,Research & Development,Manufacturing Director,4424,11,No,4,0.02,LOW
53,Research & Development,Laboratory Technician,2450,2,No,4,0.02,LOW
33,Sales,Sales Executive,4539,10,No,3,0.02,LOW
46,Research & Development,Manufacturing Director,4810,10,No,3,0.02,LOW
29,Research & Development,Research Director,11935,10,No,3,0.02,LOW
34,Research & Development,Research Director,11994,12,No,2,0.02,LOW
34,Research & Development,Research Scientist,2768,7,No,3,0.02,LOW
45,Research & Development,Research Scientist,2654,2,No,4,0.02,LOW
38,Research & Development,Research Scientist,2133,20,Yes,2,0.02,LOW
39,Research & Development,Manager,17123,19,Yes,2,0.02,LOW
37,Research & Development,Research Scientist,5974,7,Yes,1,0.02,LOW
28,Research & Development,Research Scientist,2070,5,No,4,0.02,LOW
33,Sales,Sales Executive,4302,3,No,2,0.015,LOW
33,Sales,Sales Executive,7104,5,No,3,0.015,LOW
30,Sales,Sales Executive,5209,11,Yes,2,0.015,LOW
34,Research & Development,Laboratory Technician,4444,11,No,2,0.015,LOW
37,Research & Development,Manufacturing Director,6447,6,No,2,0.015,LOW
34,Research & Development,Research Scientist,2691,10,No,4,0.015,LOW
52,Research & Development,Manager,17099,9,No,4,0.015,LOW
51,Research & Development,Manager,13116,2,No,3,0.015,LOW
42,Sales,Manager,18303,1,No,3,0.015,LOW
29,Research & Development,Research Director,16124,7,No,4,0.015,LOW
39,Research & Development,Manufacturing Director,12742,21,No,4,0.015,LOW
34,Research & Development,Laboratory Technician,3986,15,No,4,0.015,LOW
25,Sales,Sales Executive,4851,3,No,2,0.015,LOW
42,Research & Development,Healthcare Representative,4089,10,No,4,0.015,LOW
50,Sales,Sales Executive,6347,18,No,3,0.015,LOW
47,Research & Development,Research Director,11957,13,No,2,0.015,LOW
33,Sales,Sales Executive,5505,6,No,4,0.015,LOW
36,Research & Development,Healthcare Representative,8008,3,No,1,0.015,LOW
34,Research & Development,Manufacturing Director,9547,10,No,3,0.015,LOW
27,Research & Development,Research Scientist,2539,4,No,3,0.015,LOW
52,Sales,Manager,16856,34,No,1,0.015,LOW
37,Research & Development,Manufacturing Director,9434,10,No,3,0.015,LOW
46,Research & Development,Research Scientist,4615,16,Yes,1,0.015,LOW
26,Human Resources,Human Resources,2942,8,No,3,0.015,LOW
37,Research & Development,Research Director,13744,16,Yes,4,0.015,LOW
32,Research & Development,Research Scientist,5470,9,No,2,0.015,LOW
32,Research & Development,Healthcare Representative,6667,5,No,4,0.015,LOW
47,Research & Development,Manufacturing Director,5070,5,No,4,0.015,LOW
44,Research & Development,Healthcare Representative,6465,4,Yes,4,0.015,LOW
41,Research & Development,Research Scientist,2782,5,No,4,0.015,LOW
53,Research & Development,Manager,19094,14,No,3,0.015,LOW
49,Research & Development,Research Scientist,3580,4,No,1,0.015,LOW
32,Research & Development,Laboratory Technician,3068,7,No,4,0.015,LOW
42,Research & Development,Manager,17861,20,Yes,3,0.015,LOW
51,Human Resources,Manager,14026,33,Yes,2,0.015,LOW
31,Research & Development,Manufacturing Director,10648,13,No,2,0.015,LOW
40,Research & Development,Research Scientist,3319,9,No,4,0.015,LOW
34,Research & Development,Research Scientist,3280,4,No,4,0.015,LOW
27,Research & Development,Research Scientist,2226,5,No,2,0.015,LOW
51,Research & Development,Manufacturing Director,13142,5,No,2,0.015,LOW
54,Research & Development,Research Director,17328,20,No,4,0.015,LOW
50,Research & Development,Laboratory Technician,3690,3,No,3,0.015,LOW
42,Research & Development,Research Director,13348,13,No,1,0.015,LOW
37,Research & Development,Manufacturing Director,7491,6,No,4,0.015,LOW
32,Research & Development,Manufacturing Director,6725,8,No,1,0.015,LOW
36,Research & Development,Laboratory Technician,2519,11,No,3,0.015,LOW
40,Research & Development,Research Director,19626,20,No,3,0.015,LOW
39,Research & Development,Healthcare Representative,4553,20,No,3,0.015,LOW
32,Research & Development,Research Director,11159,7,No,4,0.015,LOW
41,Human Resources,Manager,19189,22,No,3,0.015,LOW
29,Research & Development,Research Scientist,2703,5,No,2,0.015,LOW
32,Sales,Sales Executive,6209,10,No,4,0.015,LOW
45,Research & Development,Healthcare Representative,10851,7,Yes,1,0.015,LOW
31,Research & Development,Healthcare Representative,5582,9,No,4,0.015,LOW
35,Research & Development,Manufacturing Director,5762,7,No,4,0.015,LOW
42,Research & Development,Laboratory Technician,4841,1,No,2,0.015,LOW
50,Research & Development,Research Director,17639,4,No,3,0.015,LOW
40,Research & Development,Research Scientist,5605,20,No,2,0.015,LOW
47,Research & Development,Manufacturing Director,5067,19,Yes,3,0.015,LOW
32,Research & Development,Research Scientist,5878,7,No,2,0.015,LOW
55,Sales,Manager,19586,36,No,4,0.015,LOW
29,Sales,Sales Executive,8620,10,No,3,0.015,LOW
40,Research & Development,Laboratory Technician,3975,8,No,3,0.015,LOW
30,Research & Development,Research Scientist,5775,10,No,4,0.015,LOW
54,Research & Development,Research Scientist,4869,4,No,3,0.015,LOW
43,Research & Development,Healthcare Representative,5562,5,No,4,0.015,LOW
56,Research & Development,Healthcare Representative,6306,13,No,3,0.01,LOW
54,Sales,Sales Executive,5940,6,No,1,0.01,LOW
44,Research & Development,Manager,19190,25,No,1,0.01,LOW
54,Research & Development,Research Director,13549,4,No,3,0.01,LOW
52,Research & Development,Research Scientist,4258,4,No,4,0.01,LOW
39,Research & Development,Manager,19431,6,No,4,0.01,LOW
36,Research & Development,Manufacturing Director,4374,3,No,3,0.01,LOW
34,Research & Development,Research Scientist,5433,11,No,2,0.01,LOW
49,Research & Development,Research Scientist,5130,10,No,2,0.01,LOW
33,Research & Development,Healthcare Representative,5968,9,No,3,0.01,LOW
43,Research & Development,Research Director,17603,14,No,3,0.01,LOW
32,Research & Development,Research Scientist,6220,10,No,2,0.01,LOW
45,Research & Development,Healthcare Representative,13496,20,Yes,4,0.01,LOW
49,Research & Development,Laboratory Technician,4789,3,No,1,0.01,LOW
45,Research & Development,Research Director,16704,21,No,2,0.01,LOW
38,Research & Development,Healthcare Representative,5745,2,No,4,0.01,LOW
38,Research & Development,Research Scientist,4317,3,Yes,3,0.01,LOW
37,Sales,Sales Executive,7428,5,No,4,0.01,LOW
27,Research & Development,Research Director,12808,9,Yes,4,0.01,LOW
53,Research & Development,Research Director,17584,5,Yes,3,0.01,LOW
39,Research & Development,Manufacturing Director,5377,7,No,1,0.01,LOW
50,Research & Development,Research Director,13269,14,No,1,0.01,LOW
38,Research & Development,Healthcare Representative,8823,19,No,3,0.01,LOW
48,Research & Development,Research Director,18265,1,No,4,0.01,LOW
33,Research & Development,Healthcare Representative,6949,5,No,4,0.01,LOW
45,Research & Development,Laboratory Technician,4447,9,No,2,0.01,LOW
54,Research & Development,Research Director,17779,10,No,4,0.01,LOW
30,Research & Development,Manufacturing Director,6091,5,No,4,0.01,LOW
50,Sales,Manager,19517,7,No,4,0.01,LOW
42,Research & Development,Healthcare Representative,4523,6,No,4,0.01,LOW
37,Research & Development,Manufacturing Director,6474,14,No,4,0.01,LOW
40,Research & Development,Research Director,19436,21,No,3,0.01,LOW
35,Research & Development,Research Scientist,5098,10,No,3,0.01,LOW
33,Research & Development,Research Scientist,2756,8,No,2,0.01,LOW
45,Research & Development,Manager,16792,20,No,4,0.01,LOW
46,Research & Development,Manufacturing Director,7379,6,No,4,0.01,LOW
41,Sales,Manager,16595,18,No,1,0.01,LOW
52,Research & Development,Manager,16555,5,No,4,0.01,LOW
40,Sales,Sales Executive,5677,11,No,2,0.01,LOW
39,Research & Development,Healthcare Representative,10938,19,No,3,0.01,LOW
37,Research & Development,Research Scientist,3920,3,No,1,0.01,LOW
49,Research & Development,Healthcare Representative,10466,8,No,2,0.01,LOW
43,Research & Development,Research Scientist,2089,5,No,4,0.01,LOW
25,Research & Development,Healthcare Representative,4000,6,No,1,0.01,LOW
37,Research & Development,Manufacturing Director,5993,7,No,3,0.01,LOW
32,Research & Development,Research Scientist,4087,6,No,1,0.01,LOW
50,Research & Development,Research Director,17399,5,No,4,0.01,LOW
34,Sales,Sales Executive,6799,10,No,3,0.01,LOW
41,Research & Development,Research Director,19419,18,No,3,0.01,LOW
45,Sales,Sales Executive,5593,15,No,3,0.01,LOW
43,Research & Development,Research Scientist,2645,5,No,3,0.005,LOW
54,Research & Development,Manager,17426,10,No,3,0.005,LOW
49,Research & Development,Healthcare Representative,13966,15,Yes,3,0.005,LOW
35,Research & Development,Healthcare Representative,4148,14,No,3,0.005,LOW
39,Research & Development,Healthcare Representative,9613,18,No,4,0.005,LOW
49,Research & Development,Research Director,16413,4,No,2,0.005,LOW
59,Research & Development,Manufacturing Director,13726,5,Yes,4,0.005,LOW
29,Sales,Sales Executive,5561,6,No,3,0.005,LOW
33,Research & Development,Healthcare Representative,7725,13,No,4,0.005,LOW
41,Sales,Sales Executive,4103,9,No,1,0.005,LOW
53,Research & Development,Manager,18606,7,No,3,0.005,LOW
36,Research & Development,Manufacturing Director,5228,9,No,2,0.005,LOW
42,Research & Development,Manager,17665,22,No,1,0.005,LOW
24,Research & Development,Research Scientist,4401,5,No,3,0.005,LOW
49,Research & Development,Manager,15379,8,No,3,0.005,LOW
52,Research & Development,Research Scientist,5577,10,Yes,1,0.005,LOW
45,Research & Development,Healthcare Representative,10748,23,No,3,0.005,LOW
50,Research & Development,Manufacturing Director,13973,12,Yes,3,0.005,LOW
34,Research & Development,Manager,11631,11,No,1,0.005,LOW
48,Research & Development,Research Director,19665,22,No,2,0.005,LOW
38,Research & Development,Research Director,13582,15,No,1,0.005,LOW
40,Research & Development,Healthcare Representative,6513,5,No,4,0.005,LOW
48,Research & Development,Manager,16885,5,No,4,0.005,LOW
38,Research & Development,Research Director,11510,11,Yes,4,0.005,LOW
40,Research & Development,Research Director,13499,18,No,3,0.005,LOW
25,Research & Development,Manufacturing Director,4898,4,No,3,0.005,LOW
28,Research & Development,Manufacturing Director,7655,9,No,2,0.005,LOW
42,Human Resources,Manager,16799,20,No,1,0.005,LOW
49,Research & Development,Research Director,19161,5,No,4,0.005,LOW
37,Sales,Sales Executive,6502,5,No,4,0.005,LOW
47,Research & Development,Research Director,18300,3,No,3,0.005,LOW
45,Sales,Sales Executive,4805,8,No,2,0.005,LOW
48,Research & Development,Manager,15202,2,No,4,0.0,
32,Research & Development,Manufacturing Director,6162,14,No,3,0.0,
53,Research & Development,Research Director,14814,5,No,3,0.0,
35,Research & Development,Manufacturing Director,8095,16,No,2,0.0,
54,Research & Development,Manager,16032,14,No,4,0.0,
38,Research & Development,Healthcare Representative,7625,9,No,4,0.0,
36,Research & Development,Healthcare Representative,10096,17,No,3,0.0,
40,Research & Development,Manager,19033,20,No,3,0.0,
38,Research & Development,Research Scientist,4771,5,No,4,0.0,
